EventID,Evaluation Status,Origin Date,Origin Time,Local Magnitude,Moment Magnitude,Latitude (WGS84),Latitude Error (km),Longitude (WGS84),Longitude Error (km),Depth of Hypocenter (Km.  Rel to MSL),Depth of Hypocenter (Km. Rel to Ground Surface),Depth Uncertainty (Km. Corresponds to 1 st dev),RMS,UsedPhaseCount,UsedStationCount,Author,EventType,LocationName,Nodal Plane 1 - Strike,Nodal Plane 1 - Dip,Nodal Plane 1 - Rake,Nodal Plane 2 - Strike,Nodal Plane 2 - Dip,Nodal Plane 2 - Rake,Focal Mechanism Method ID,Focal Mechanism - Azimuthal Gap,Focal Mechanism - Misfit,Maximum Station Distance (km),Minimum Station Distance (km),Last Updated
tx2026cehccb,final,2026-01-31,15:44:14,2.4,,28.8204,1.2,-98.9224,1.2,2.6,2.7,1.0,0.3,33,23,TXNet,earthquake,Southern Texas,,,,,,,,,,92.90203525987673,19.531198301768253,2026-02-02 20:07:36
tx2026cefgwm,final,2026-01-31,14:49:38,1.0,,32.1030,0.2,-101.8963,0.2,8.5,9.3,0.9,0.2,67,42,TXNet,earthquake,Western Texas,,,,,,,,,,35.597047028463514,8.686930065183478,2026-02-02 17:53:42
tx2026ceewfl,final,2026-01-31,14:37:09,1.6,,32.0956,0.4,-100.9960,0.4,3.3,4.0,2.4,0.1,16,11,TXNet,earthquake,Western Texas,,,,,,,,,,90.08889490824866,23.612609114156406,2026-05-18 21:41:52
tx2026ceeftr,final,2026-01-31,14:18:11,1.9,,32.1066,0.2,-101.8963,0.2,8.9,9.7,0.6,0.1,92,60,TXNet,earthquake,Western Texas,,,,,,,,,,34.379889849046585,8.464834964832741,2026-02-02 12:24:11
tx2026cedjds,final,2026-01-31,13:51:45,0.5,,32.3447,0.3,-102.0871,0.4,7.3,8.2,0.7,0.1,23,14,TXNet,earthquake,Western Texas,,,,,,,,,,10.732828792647643,3.632780744234049,2026-05-28 15:30:23
tx2026cedcss,final,2026-01-31,13:44:41,1.3,,32.7658,0.4,-100.6466,0.4,5.1,5.8,1.9,0.2,24,15,TXNet,earthquake,Western Texas,,,,,,,,,,97.08811443828718,7.152175946836555,2026-05-28 15:13:13
tx2026cebawm,final,2026-01-31,12:41:47,1.4,,32.1066,0.2,-101.9006,0.2,9.4,10.3,0.6,0.1,87,54,TXNet,earthquake,Western Texas,,,,,,,,,,35.0298621094827,8.124820312811096,2026-02-02 15:25:04
tx2026cdzgfc,final,2026-01-31,11:47:38,0.7,,32.2256,0.6,-102.0442,0.6,7.8,8.6,1.8,0.2,17,12,TXNet,earthquake,Western Texas,,,,,,,,,,16.652809379905293,6.264886087743413,2026-03-11 14:12:35
tx2026cdyzmy,final,2026-01-31,11:39:53,1.1,,32.0975,0.3,-101.9049,0.3,8.2,9.0,1.0,0.1,46,29,TXNet,earthquake,Western Texas,,,,,,,,,,41.046999106858934,8.416769304415297,2026-01-31 18:59:37
tx2026cdwvdb,final,2026-01-31,10:34:25,0.6,,32.2220,1.2,-102.0249,0.4,4.3,5.1,1.5,0.2,22,14,TXNet,earthquake,Western Texas,,,,,,,,,,48.62965302704223,5.221578353563545,2026-02-27 22:04:52
tx2026cdwsak,final,2026-01-31,10:30:44,0.4,,32.2440,0.7,-102.0271,0.7,5.2,6.1,1.4,0.2,22,13,TXNet,earthquake,Western Texas,,,,,,,,,,18.290427154508336,1.0508928747009258,2026-03-11 15:53:05
tx2026cdspbd,final,2026-01-31,08:26:42,1.3,,32.1103,0.2,-101.9306,0.2,8.9,9.7,0.5,0.1,57,36,TXNet,earthquake,Western Texas,,,,,,,,,,31.35003377295935,5.672683069301774,2026-02-01 05:06:28
tx2026cdrdgw,final,2026-01-31,07:43:15,1.6,,31.8759,0.2,-101.6970,0.3,8.9,9.7,1.1,0.1,52,29,TXNet,earthquake,Western Texas,,,,,,,,,,55.37087252177616,3.7466218479465283,2026-02-02 15:08:55
tx2026cdmurp,final,2026-01-31,05:32:12,0.5,,32.0920,0.5,-101.8963,0.5,6.4,7.2,2.3,0.1,24,18,TXNet,earthquake,Western Texas,,,,,,,,,,27.05826180219878,9.427647890426224,2026-03-11 15:22:12
tx2026cdkhds,final,2026-01-31,04:16:17,1.4,,31.8759,0.5,-102.4044,0.5,8.5,9.4,0.8,0.1,23,17,TXNet,earthquake,Western Texas,,,,,,,,,,49.866671845475715,7.1931331089446395,2026-02-02 17:25:40
tx2026cdeydq,final,2026-01-31,01:34:56,1.5,,29.0496,0.4,-97.8805,0.4,8.4,8.5,1.1,0.1,16,10,TXNet,earthquake,Central Texas,,,,,,,,,,35.14018258273054,7.426628879085946,2026-02-04 16:14:03
tx2026cdesfe,final,2026-01-31,01:27:58,2.6,,32.1085,0.2,-101.8985,0.2,9.0,9.8,0.5,0.1,75,43,TXNet,earthquake,Western Texas,,,,,,,,,,43.05744083710726,8.18609052256618,2026-01-31 04:05:09
tx2026cdbhtu,final,2026-01-30,23:45:19,2.4,,31.5731,0.3,-104.0285,0.2,8.0,9.0,0.3,0.1,44,33,TXNet,earthquake,Western Texas,,,,,,,,,,29.547543567053104,4.1104070644718105,2026-01-31 03:10:53
tx2026cdagqc,final,2026-01-30,23:14:06,1.4,,32.1066,0.2,-101.8963,0.1,9.1,9.9,0.6,0.1,101,56,TXNet,earthquake,Western Texas,,,,,,,,,,40.13535286179888,8.464834964832741,2026-02-02 14:52:39
tx2026ccyvjb,final,2026-01-30,22:30:34,1.9,,28.8612,1.4,-98.9973,1.1,9.8,10.0,1.8,0.3,18,12,TXNet,earthquake,Southern Texas,,,,,,,,,,134.43590449007584,11.347149280649337,2026-01-30 23:57:38
tx2026ccqglt,final,2026-01-30,18:11:55,0.9,,31.9656,0.7,-102.3079,0.6,8.3,9.2,1.1,0.2,21,12,TXNet,earthquake,Western Texas,,,,,,,,,,22.570241187598103,3.4217456014640257,2026-01-30 20:29:32
tx2026ccppbv,final,2026-01-30,17:51:46,1.5,,31.8723,0.5,-101.5062,0.6,7.6,8.4,2.2,0.2,28,21,TXNet,earthquake,Western Texas,,,,,,,,,,50.97647727868367,19.45585264004505,2026-01-30 19:32:50
tx2026ccnoeu,final,2026-01-30,16:50:25,1.5,,32.1066,0.7,-101.5126,0.7,6.8,7.6,1.7,0.1,23,15,TXNet,earthquake,Western Texas,,,,,,,,,,24.91231646627969,8.660305873512174,2026-01-30 19:22:28
tx2026cckwsn,final,2026-01-30,15:30:16,1.5,,31.6632,0.6,-104.3652,0.3,7.0,8.2,0.8,0.1,24,19,TXNet,earthquake,Western Texas,,,,,,,,,,28.679844982966248,6.056370692461596,2026-01-30 19:15:17
tx2026ccjtef,final,2026-01-30,14:55:25,2.3,,28.8667,1.4,-99.0066,0.7,9.3,9.5,1.5,0.3,24,16,TXNet,earthquake,Southern Texas,,,,,,,,,,84.78147466696525,10.334346855054127,2026-02-03 20:39:07
tx2026ccjgxf,final,2026-01-30,14:41:12,1.2,,32.0966,0.5,-101.4837,0.6,8.3,9.1,2.9,0.1,25,15,TXNet,earthquake,Western Texas,,,,,,,,,,35.506236819229265,14.754797738388959,2026-01-30 19:48:23
tx2026ccfyde,final,2026-01-30,13:00:41,1.7,,31.6421,0.4,-104.2383,0.3,7.2,8.2,0.6,0.1,41,29,TXNet,earthquake,Western Texas,,,,,,,,,,28.84105500314603,4.136904893839838,2026-01-30 14:10:46
tx2026ccffgk,final,2026-01-30,12:38:35,2.9,,28.6680,1.1,-98.9433,0.8,6.7,6.8,1.0,0.3,40,25,TXNet,earthquake,Southern Texas,,,,,,,,,,112.71513314256661,28.533736886747874,2026-01-30 23:25:13
tx2026ccdfii,final,2026-01-30,11:38:24,1.2,,31.8777,0.6,-101.5040,0.4,9.2,10.0,3.4,0.1,14,12,TXNet,earthquake,Western Texas,,,,,,,,,,30.071462427397087,19.76214335128681,2026-02-02 19:51:06
tx2026ccdejb,final,2026-01-30,11:37:21,1.7,,29.0548,0.7,-97.8884,0.7,7.8,7.9,1.1,0.2,24,14,TXNet,earthquake,Central Texas,,,,,,,,,,51.490529127715945,8.074157637951132,2026-01-30 15:23:39
tx2026ccdclt,final,2026-01-30,11:35:06,1.8,,31.8741,0.5,-101.4762,0.7,5.6,6.4,2.8,0.1,27,23,TXNet,earthquake,Western Texas,,,,,,,,,,42.46454029609625,22.287123984285003,2026-01-30 13:50:45
tx2026cccygq,final,2026-01-30,11:30:14,1.2,,31.8759,0.3,-101.5040,0.5,8.7,9.5,3.0,0.1,21,16,TXNet,earthquake,Western Texas,,,,,,,,,,40.13416832048543,19.72461423372271,2026-01-30 16:11:20
tx2026ccatye,final,2026-01-30,10:24:48,1.0,,29.0452,0.3,-97.8819,0.3,9.0,9.1,0.9,0.1,11,7,TXNet,earthquake,Central Texas,,,,,,,,,,22.332809441455296,7.118058944442126,2026-01-30 22:41:38
tx2026cbzvld,final,2026-01-30,09:56:23,1.7,,28.4067,1.7,-98.7499,1.5,6.3,6.4,2.1,0.3,14,10,TXNet,earthquake,Southern Texas,,,,,,,,,,149.56722856171447,36.46657260754782,2026-01-30 22:37:41
tx2026cbzmrd,final,2026-01-30,09:46:09,2.2,,28.8382,1.4,-99.0156,0.6,8.5,8.7,1.0,0.3,24,17,TXNet,earthquake,Southern Texas,,,,,,,,,,105.47650631845539,10.612596250210533,2026-01-30 14:44:08
tx2026cbyxdv,final,2026-01-30,09:28:10,1.8,,28.8428,2.1,-99.0003,0.9,7.8,8.0,2.4,0.1,12,11,TXNet,earthquake,Southern Texas,,,,,,,,,,53.64757363162571,11.722645844649525,2026-01-30 14:53:00
tx2026cbyvbz,final,2026-01-30,09:26:49,1.9,,31.4478,0.2,-103.8744,0.3,6.1,7.0,0.6,0.1,49,29,TXNet,earthquake,Western Texas,,,,,,,,,,37.24261778340766,8.628945773077564,2026-01-30 12:33:23
tx2026cbxpnp,final,2026-01-30,08:49:26,0.6,,32.1689,0.4,-101.6884,0.5,8.2,9.0,0.7,0.1,20,14,TXNet,earthquake,Western Texas,,,,,,,,,,20.55884353118523,4.919033263749059,2026-01-30 20:55:07
tx2026cbwayh,final,2026-01-30,08:02:04,1.0,,32.1030,0.4,-101.9285,0.3,7.9,8.7,1.2,0.1,25,21,TXNet,earthquake,Western Texas,,,,,,,,,,22.65071568520731,6.411094971076603,2026-01-30 13:54:07
tx2026cbvdtf,final,2026-01-30,07:35:08,0.5,,32.1002,0.4,-101.9253,0.3,8.3,9.2,0.8,0.1,28,20,TXNet,earthquake,Western Texas,,,,,,,,,,24.42137361322527,6.840077326166421,2026-02-26 18:51:41
tx2026cbuurq,final,2026-01-30,07:25:37,2.6,,32.1048,0.2,-101.9220,0.2,8.9,9.7,0.7,0.1,108,62,TXNet,earthquake,Western Texas,,,,,,,,,,38.10045396649617,6.6754532016319015,2026-01-30 12:17:22
tx2026cbulio,final,2026-01-30,07:15:14,1.6,,32.1057,0.2,-101.9231,0.2,8.9,9.7,0.7,0.1,102,56,TXNet,earthquake,Western Texas,,,,,,,,,,39.149465058416,6.532093293524332,2026-01-30 13:03:02
tx2026cbsmpf,final,2026-01-30,06:14:52,1.7,,28.4126,1.0,-98.7830,1.3,5.7,5.9,2.1,0.2,14,11,TXNet,earthquake,Southern Texas,,,,,,,,,,69.59895604508064,35.467059533309005,2026-01-30 15:04:10
tx2026cbrtiy,final,2026-01-30,05:52:35,1.0,,32.1002,0.3,-101.9167,0.4,7.0,7.8,1.2,0.1,29,22,TXNet,earthquake,Western Texas,,,,,,,,,,23.792449733130603,7.392271618041235,2026-01-30 13:48:31
tx2026cbrmsc,final,2026-01-30,05:44:51,0.9,,32.1030,0.2,-101.9263,0.2,8.6,9.4,0.7,0.1,85,46,TXNet,earthquake,Western Texas,,,,,,,,,,39.42138051371848,6.5438770285385734,2026-01-30 14:19:47
tx2026cbqhlf,final,2026-01-30,05:08:37,1.1,,32.0938,0.5,-101.9285,0.3,7.6,8.5,1.0,0.1,53,35,TXNet,earthquake,Western Texas,,,,,,,,,,27.278880857318498,7.216156335457946,2026-01-30 13:35:31
tx2026cbnvjr,final,2026-01-30,03:54:12,1.0,,29.0467,0.5,-97.8776,0.6,8.7,8.8,1.2,0.1,11,8,TXNet,earthquake,Central Texas,,,,,,,,,,49.74700071618424,7.185028625484136,2026-03-11 21:01:42
tx2026cbnpna,final,2026-01-30,03:47:25,0.9,,29.0455,0.6,-97.8768,0.6,9.6,9.7,1.4,0.1,11,7,TXNet,earthquake,Central Texas,,,,,,,,,,20.174098072135397,7.123675453483189,2026-01-30 22:48:59
tx2026cbmsmt,final,2026-01-30,03:20:42,1.4,,32.1011,0.2,-101.4869,0.2,8.9,9.7,0.9,0.1,54,32,TXNet,earthquake,Western Texas,,,,,,,,,,40.54008291396868,8.440346366841185,2026-01-30 14:38:29
tx2026cbmhxe,final,2026-01-30,03:08:35,1.6,,31.7173,0.4,-104.2963,0.2,6.0,7.2,0.7,0.1,27,22,TXNet,earthquake,Western Texas,,,,,,,,,,22.38260243007072,5.836986137813638,2026-01-30 14:28:06
tx2026cbmhhi,final,2026-01-30,03:07:42,0.8,,32.1030,0.5,-101.9049,0.9,8.9,9.7,3.0,0.1,20,13,TXNet,earthquake,Western Texas,,,,,,,,,,20.926018594398332,12.187733838260767,2026-01-30 16:05:57
tx2026cbbxgg,final,2026-01-29,21:54:33,1.0,,32.3648,0.3,-102.1171,0.3,6.8,7.6,0.6,0.1,39,25,TXNet,earthquake,Western Texas,,,,,,,,,,45.691053488967555,0.5729671486088154,2026-01-30 00:59:57
tx2026cbbvuo,final,2026-01-29,21:52:41,1.2,,32.1231,0.3,-101.4847,0.3,7.1,7.9,0.7,0.1,27,16,TXNet,earthquake,Western Texas,,,,,,,,,,60.90404024548584,6.008035401857837,2026-01-30 03:09:44
tx2026cbbowi,final,2026-01-29,21:44:34,1.2,,32.1011,0.4,-101.9285,0.4,7.8,8.7,1.2,0.1,25,21,TXNet,earthquake,Western Texas,,,,,,,,,,22.30160599051518,6.567379606621684,2026-01-30 17:12:09
tx2026cbaaev,final,2026-01-29,20:57:23,1.8,,28.8786,1.9,-99.0059,1.0,8.4,8.5,2.1,0.3,12,8,TXNet,earthquake,Southern Texas,,,,,,,,,,56.20962381018524,10.221833538486457,2026-01-30 15:15:37
tx2026cawxxs,final,2026-01-29,19:24:16,1.5,,31.6768,0.6,-104.4052,0.4,7.0,8.3,0.7,0.2,31,20,TXNet,earthquake,Western Texas,,,,,,,,,,35.23928258384822,2.004390306562197,2026-01-30 02:38:54
tx2026cavoat,final,2026-01-29,18:42:34,2.0,,28.8501,1.1,-99.0025,0.8,5.7,5.9,1.6,0.3,19,15,TXNet,earthquake,Southern Texas,,,,,,,,,,80.24492287361991,11.21786249244069,2026-01-29 20:14:23
tx2026cavfcd,final,2026-01-29,18:32:19,2.5,,31.5669,0.3,-104.0233,0.2,8.0,9.0,0.4,0.1,56,37,TXNet,earthquake,Western Texas,,,,,,,,,,33.73503889770017,4.603987593915994,2026-01-29 19:43:35
tx2026casfsz,final,2026-01-29,17:02:27,2.6,,28.8360,1.4,-99.0046,0.8,8.0,8.2,1.4,0.3,26,18,TXNet,earthquake,Southern Texas,,,,,,,,,,84.53062653751547,11.676640086169034,2026-01-29 18:19:18
tx2026caqozv,final,2026-01-29,16:12:57,1.6,,31.5676,0.3,-104.0260,0.3,7.7,8.7,0.4,0.1,36,26,TXNet,earthquake,Western Texas,,,,,,,,,,25.432461323888354,4.507597846379296,2026-01-29 17:13:32
tx2026caqamq,final,2026-01-29,15:56:02,1.1,,31.8805,0.6,-101.5137,0.5,8.1,8.9,3.2,0.1,14,10,TXNet,earthquake,Western Texas,,,,,,,,,,34.34897959797304,29.112412550682752,2026-01-30 20:13:19
tx2026camjwa,final,2026-01-29,14:06:11,1.9,,28.8541,1.1,-99.0053,1.0,8.7,8.9,2.0,0.3,19,11,TXNet,earthquake,Southern Texas,,,,,,,,,,169.19133472718005,10.811079629446942,2026-02-02 17:25:34
tx2026cabmno,final,2026-01-29,08:37:23,1.7,,28.8336,1.7,-99.0283,1.0,8.7,8.9,2.1,0.2,13,11,TXNet,earthquake,Southern Texas,,,,,,,,,,67.08377609951837,9.844212961029186,2026-01-30 19:54:07
tx2026caadly,final,2026-01-29,07:56:43,0.7,,32.0105,0.5,-101.9746,0.5,7.9,8.8,1.3,0.3,39,24,TXNet,earthquake,Western Texas,,,,,,,,,,55.49679318327762,4.321845473586715,2026-01-29 16:24:20
tx2026bzvape,final,2026-01-29,05:23:16,2.0,,31.6103,0.2,-103.9722,0.2,7.4,8.4,0.3,0.1,59,36,TXNet,earthquake,Western Texas,,,,,,,,,,35.83012083849624,0.31884235309239,2026-01-29 12:54:46
tx2026bzubpi,final,2026-01-29,04:53:51,0.3,,32.3630,0.4,-102.0528,0.4,5.9,6.8,1.2,0.2,32,21,TXNet,earthquake,Western Texas,,,,,,,,,,34.47473393688715,3.3910064882086273,2026-01-29 16:39:56
tx2026bztvvi,final,2026-01-29,04:46:50,0.6,,32.2476,0.4,-101.7784,0.3,4.6,5.4,0.9,0.1,30,21,TXNet,earthquake,Western Texas,,,,,,,,,,21.16036673450223,2.3259045967849064,2026-01-29 14:26:20
tx2026bzsiaf,final,2026-01-29,04:00:38,0.9,,32.8912,0.3,-100.9820,0.4,5.3,6.1,0.9,0.1,13,8,TXNet,earthquake,Western Texas,,,,,,,,,,132.3725710531675,5.297142737167462,2026-03-11 20:29:25
tx2026bzqljz,final,2026-01-29,03:04:11,1.9,,28.8576,1.9,-99.0392,0.8,7.8,8.0,1.3,0.3,17,14,TXNet,earthquake,Southern Texas,,,,,,,,,,100.45316243827783,7.584377958991694,2026-01-29 20:35:51
tx2026bzqdxc,final,2026-01-29,02:55:29,2.5,,32.2495,0.2,-101.7720,0.1,7.8,8.6,0.5,0.1,114,61,TXNet,earthquake,Western Texas,,,,,,,,,,39.47631693777054,2.56327787351824,2026-01-29 12:45:00
tx2026bzojdn,final,2026-01-29,02:01:13,1.9,,28.8759,1.5,-98.9999,0.7,4.0,4.1,1.0,0.2,23,16,TXNet,earthquake,Southern Texas,,,,,,,,,,77.63924381585619,10.830196210767182,2026-01-29 15:23:25
tx2026bzndxx,final,2026-01-29,01:25:03,1.8,,28.8552,1.8,-98.9976,0.8,8.9,9.1,1.8,0.2,17,13,TXNet,earthquake,Southern Texas,,,,,,,,,,79.87934005808329,11.495901079225273,2026-01-29 23:44:45
tx2026bzmpzr,final,2026-01-29,01:09:10,1.7,,31.4478,0.3,-103.8728,0.3,6.4,7.3,1.0,0.2,36,23,TXNet,earthquake,Western Texas,,,,,,,,,,69.6680167480514,8.618229322231706,2026-01-29 02:49:29
tx2026bzhmgt,final,2026-01-28,22:33:39,1.1,,32.4747,0.4,-102.0035,0.3,9.0,9.9,1.1,0.2,52,38,TXNet,earthquake,Western Texas,,,,,,,,,,29.692954733160377,8.188582641729084,2026-01-29 14:07:11
tx2026bzgurm,final,2026-01-28,22:13:16,1.3,,31.8796,0.4,-101.5169,0.3,5.2,6.0,3.1,0.1,19,14,TXNet,earthquake,Western Texas,,,,,,,,,,35.82473135311078,30.726498730446014,2026-01-30 16:49:50
tx2026bzcgzq,final,2026-01-28,19:56:42,2.3,,32.0096,0.2,-101.3540,0.2,9.8,10.6,0.9,0.1,53,33,TXNet,earthquake,Western Texas,,,,,,,,,,49.830871967174716,16.91505970512327,2026-01-28 21:02:50
tx2026bzbxnc,final,2026-01-28,19:45:41,1.5,,31.8704,0.5,-101.5083,0.5,8.8,9.6,2.5,0.1,28,21,TXNet,earthquake,Western Texas,,,,,,,,,,51.386442218395466,19.224036251545208,2026-01-28 20:52:52
tx2026bzbpwq,final,2026-01-28,19:36:50,1.3,,31.8686,0.7,-101.4869,1.0,6.5,7.3,2.6,0.1,20,15,TXNet,earthquake,Western Texas,,,,,,,,,,42.464354947098066,21.19992229141299,2026-01-29 14:44:42
tx2026bzbmkh,final,2026-01-28,19:33:00,1.2,,31.8759,0.4,-101.4933,0.7,6.7,7.5,3.5,0.1,16,13,TXNet,earthquake,Western Texas,,,,,,,,,,35.155388170788356,20.72110291285462,2026-01-29 14:38:47
tx2026bzbikr,final,2026-01-28,19:28:09,1.7,,31.8741,0.5,-101.4976,0.6,7.4,8.2,2.0,0.1,35,27,TXNet,earthquake,Western Texas,,,,,,,,,,46.87776640185309,20.287882656012528,2026-01-28 20:14:10
tx2026bzbgfn,final,2026-01-28,19:27:03,1.4,,31.8732,0.5,-101.4879,0.8,6.5,7.3,2.9,0.1,28,23,TXNet,earthquake,Western Texas,,,,,,,,,,56.974554333175824,21.171180767383028,2026-01-28 21:14:59
tx2026byxscw,final,2026-01-28,17:38:46,1.3,,32.5616,0.7,-101.0806,1.0,8.1,8.7,3.3,0.1,13,8,TXNet,earthquake,Western Texas,,,,,,,,,,37.22849163330306,18.42835331811398,2026-01-29 15:09:06
tx2026byvvij,final,2026-01-28,16:42:08,1.1,,32.3007,0.4,-101.2082,0.6,5.6,6.3,2.0,0.1,17,12,TXNet,earthquake,Western Texas,,,,,,,,,,60.38729794566706,7.527188196414499,2026-01-30 21:05:50
tx2026byumgg,final,2026-01-28,16:01:24,1.5,,31.6524,0.5,-104.4370,0.4,6.4,7.7,0.9,0.2,44,29,TXNet,earthquake,Western Texas,,,,,,,,,,51.26838219182646,3.273887507868947,2026-01-28 22:23:29
tx2026byssmx,final,2026-01-28,15:08:22,1.8,,31.6676,0.5,-104.3634,0.3,6.6,7.7,0.6,0.2,40,27,TXNet,earthquake,Western Texas,,,,,,,,,,37.92249116878051,6.0915962761459825,2026-01-28 16:41:20
tx2026bysnhl,final,2026-01-28,15:02:18,1.0,,32.0782,0.8,-101.9167,0.6,7.4,8.2,1.3,0.1,14,11,TXNet,earthquake,Western Texas,,,,,,,,,,16.41893441756654,9.271063132356062,2026-01-29 16:30:54
tx2026byrxhq,final,2026-01-28,14:43:41,1.9,,28.8125,1.6,-98.9995,0.7,3.5,3.7,2.9,0.4,20,17,TXNet,earthquake,Southern Texas,,,,,,,,,,69.78247937536256,13.497296032140305,2026-01-29 17:00:50
tx2026byruvw,final,2026-01-28,14:41:32,1.6,,32.1213,0.2,-101.9199,0.2,8.7,9.5,0.5,0.1,72,44,TXNet,earthquake,Western Texas,,,,,,,,,,59.25759419730099,5.722506156742907,2026-01-28 17:42:55
tx2026byrsab,final,2026-01-28,14:37:34,2.0,,28.8408,1.5,-98.9773,0.7,5.7,5.9,1.9,0.2,15,10,TXNet,earthquake,Southern Texas,,,,,,,,,,82.06694703347405,13.880842272400216,2026-01-30 18:22:26
tx2026byolnb,final,2026-01-28,12:59:32,1.1,,32.8912,0.4,-100.9820,0.4,5.1,5.9,1.1,0.1,16,10,TXNet,earthquake,Western Texas,,,,,,,,,,93.54759656579094,5.297142737167462,2026-05-28 16:45:59
tx2026bynpzq,final,2026-01-28,12:34:34,1.2,,32.5626,0.7,-101.1203,0.9,7.3,8.0,3.6,0.1,14,9,TXNet,earthquake,Western Texas,,,,,,,,,,69.63358000111089,25.092525517105944,2026-01-29 20:24:15
tx2026byncjb,final,2026-01-28,12:18:52,1.3,,32.5616,0.4,-101.0892,0.7,7.3,7.9,2.0,0.2,29,17,TXNet,earthquake,Western Texas,,,,,,,,,,72.5413060997033,11.058849306615285,2026-01-28 17:28:49
tx2026bynage,final,2026-01-28,12:16:18,0.7,,32.0993,0.3,-101.9263,0.3,8.9,9.7,0.8,0.1,52,34,TXNet,earthquake,Western Texas,,,,,,,,,,28.47852905060498,6.852880941027859,2026-01-28 17:13:34
tx2026bymrvs,final,2026-01-28,12:06:30,1.6,,31.9842,0.4,-103.2940,0.6,5.0,5.9,1.4,0.2,27,15,TXNet,earthquake,Western Texas,,,,,,,,,,38.19338291057945,9.637686524442568,2026-01-29 16:26:25
tx2026bykpbg,final,2026-01-28,11:02:57,1.3,,32.3053,0.4,-101.2007,0.7,6.0,6.7,1.6,0.1,12,8,TXNet,earthquake,Western Texas,,,,,,,,,,83.50653744627857,7.629129561597353,2026-01-28 17:27:14
tx2026bykcui,final,2026-01-28,10:48:43,1.2,,32.5552,0.7,-101.0967,1.0,8.2,8.9,2.9,0.1,13,12,TXNet,earthquake,Western Texas,,,,,,,,,,62.569846134538494,10.144964781746774,2026-01-28 21:36:16
tx2026byjvut,final,2026-01-28,10:43:11,1.0,,32.1030,0.4,-101.9263,0.4,6.8,7.6,1.5,0.1,30,24,TXNet,earthquake,Western Texas,,,,,,,,,,22.018951940042868,6.5438770285385734,2026-01-29 20:39:22
tx2026byjwiy,final,2026-01-28,10:42:32,1.3,,32.1066,0.1,-101.9263,0.1,9.2,10.0,0.5,0.1,106,63,TXNet,earthquake,Western Texas,,,,,,,,,,38.85463121336856,6.246143851815719,2026-01-28 13:53:00
tx2026byjrhx,final,2026-01-28,10:35:22,1.3,,32.5626,0.6,-101.0860,0.8,5.9,6.6,2.5,0.2,27,19,TXNet,earthquake,Western Texas,,,,,,,,,,72.17670510474767,18.130875681457102,2026-01-28 21:39:53
tx2026byiscr,final,2026-01-28,10:06:09,1.1,,32.3026,0.3,-101.2039,0.4,5.8,6.5,1.3,0.1,27,16,TXNet,earthquake,Western Texas,,,,,,,,,,80.81693174597018,7.637415552314329,2026-01-28 16:10:02
tx2026byinnl,final,2026-01-28,10:00:50,1.3,,32.1066,0.1,-101.9070,0.1,8.6,9.4,0.6,0.1,105,58,TXNet,earthquake,Western Texas,,,,,,,,,,38.60167889117743,7.626458089626771,2026-01-28 13:32:24
tx2026byhyqj,final,2026-01-28,09:44:55,1.7,,32.1066,0.1,-101.9263,0.1,9.8,10.7,0.5,0.1,103,59,TXNet,earthquake,Western Texas,,,,,,,,,,38.85463121336856,6.246143851815719,2026-01-28 12:15:42
tx2026byhlyu,final,2026-01-28,09:29:01,1.2,,32.0718,0.6,-101.6198,0.4,6.3,7.0,1.1,0.1,28,20,TXNet,earthquake,Western Texas,,,,,,,,,,41.40010528949797,4.63207524036575,2026-01-28 14:29:35
tx2026byhkwk,final,2026-01-28,09:27:34,0.8,,32.0993,0.5,-101.9135,0.7,8.3,9.1,1.7,0.2,16,12,TXNet,earthquake,Western Texas,,,,,,,,,,21.373387894671044,10.267417432138233,2026-01-29 16:57:10
tx2026byhfee,final,2026-01-28,09:20:58,1.3,,32.0956,0.4,-101.9242,0.3,7.9,8.8,0.9,0.1,45,32,TXNet,earthquake,Western Texas,,,,,,,,,,25.552883533559132,7.296238762596411,2026-01-28 13:35:47
tx2026byhatm,final,2026-01-28,09:15:53,0.3,,32.4197,0.6,-102.0935,0.5,8.1,9.0,1.2,0.2,23,17,TXNet,earthquake,Western Texas,,,,,,,,,,20.47132960541664,2.102509495540519,2026-03-11 16:58:53
tx2026byhajr,final,2026-01-28,09:15:22,1.9,,28.8996,1.7,-99.0107,0.7,8.9,9.1,1.5,0.2,15,12,TXNet,earthquake,Southern Texas,,,,,,,,,,74.79867001354586,9.86489174202392,2026-01-28 16:07:43
tx2026bygmzu,final,2026-01-28,08:59:52,1.7,,31.6447,0.5,-104.4250,0.4,5.8,7.1,0.6,0.1,29,24,TXNet,earthquake,Western Texas,,,,,,,,,,36.86645776142274,1.4409975576838454,2026-01-28 14:51:32
tx2026bygbuz,final,2026-01-28,08:47:38,2.1,,31.6170,0.4,-104.0008,0.3,8.7,9.7,0.5,0.1,25,22,TXNet,earthquake,Western Texas,,,,,,,,,,14.30092024397537,1.6338930804073666,2026-01-28 14:25:45
tx2026byfyru,final,2026-01-28,08:43:56,3.0,,31.6168,0.2,-103.9993,0.2,8.9,9.9,0.3,0.1,50,40,TXNet,earthquake,Western Texas,,,,,,,,,,31.69379662383512,1.7814554555235225,2026-03-18 19:55:20
tx2026byfloy,final,2026-01-28,08:28:03,2.2,,28.8335,2.2,-98.9808,1.4,8.5,8.7,1.4,0.3,27,19,TXNet,earthquake,Southern Texas,,,,,,,,,,95.30329818463389,25.13862321563521,2026-01-28 16:23:05
tx2026byeszs,final,2026-01-28,08:06:27,2.2,,28.8474,1.6,-99.0113,0.7,8.6,8.8,1.3,0.3,15,12,TXNet,earthquake,Southern Texas,,,,,,,,,,55.00467193170656,10.53774627471922,2026-01-28 15:48:42
tx2026byeqia,final,2026-01-28,08:03:23,1.6,,32.1057,0.1,-101.9231,0.1,9.3,10.1,0.6,0.1,110,63,TXNet,earthquake,Western Texas,,,,,,,,,,39.345593632012104,6.532093293524332,2026-01-28 13:06:27
tx2026byagiz,final,2026-01-28,05:51:08,0.7,,32.4152,0.5,-101.3851,0.5,6.2,7.0,1.0,0.2,21,12,TXNet,earthquake,Western Texas,,,,,,,,,,73.20070697168285,2.7285617569232095,2026-01-29 15:59:28
tx2026bxznwk,final,2026-01-28,05:30:44,1.0,,32.1048,0.3,-101.9242,0.3,8.7,9.5,0.9,0.1,37,27,TXNet,earthquake,Western Texas,,,,,,,,,,33.69047809126601,6.53287989315268,2026-01-28 13:44:29
tx2026bxzijm,final,2026-01-28,05:23:19,1.8,,31.6545,0.5,-104.3993,0.4,5.5,6.7,0.7,0.1,29,22,TXNet,earthquake,Western Texas,,,,,,,,,,36.684964415842195,3.1072318229487945,2026-01-28 14:44:52
tx2026bxyddc,final,2026-01-28,04:47:00,1.9,,28.8643,1.4,-99.0010,0.8,9.2,9.3,2.2,0.3,23,15,TXNet,earthquake,Southern Texas,,,,,,,,,,103.24963863287772,10.921981240279731,2026-02-03 22:38:02
tx2026bxwufu,final,2026-01-28,04:06:38,1.1,,32.0938,0.4,-101.6541,0.4,6.4,7.1,1.1,0.1,33,27,TXNet,earthquake,Western Texas,,,,,,,,,,35.10880269706527,2.2643321846782434,2026-01-28 14:11:04
tx2026bxwhvk,final,2026-01-28,03:52:09,1.3,,32.1332,0.3,-101.1321,0.4,7.8,8.5,2.6,0.1,34,22,TXNet,earthquake,Western Texas,,,,,,,,,,65.9723936647776,18.93851532820698,2026-01-28 16:02:07
tx2026bxwcub,final,2026-01-28,03:46:19,1.7,,31.9803,0.5,-103.3004,0.5,8.6,9.5,1.7,0.1,23,15,TXNet,earthquake,Western Texas,,,,,,,,,,47.193661061215394,8.882151525388103,2026-01-28 15:41:16
tx2026bxvmvh,final,2026-01-28,03:27:46,2.0,,28.8624,2.0,-99.0324,0.8,8.0,8.2,1.2,0.2,13,11,TXNet,earthquake,Southern Texas,,,,,,,,,,69.62009903573437,8.018558276634531,2026-01-28 16:27:53
tx2026bxvjrk,final,2026-01-28,03:25:39,1.9,,31.9006,0.3,-102.0860,0.5,2.2,3.1,2.0,0.1,42,29,TXNet,earthquake,Western Texas,,,,,,,,,,27.30494431428511,6.627513567176881,2026-01-28 18:39:59
tx2026bxuutk,final,2026-01-28,03:06:50,1.3,,32.1323,0.4,-101.0024,0.4,8.5,9.2,2.7,0.1,26,16,TXNet,earthquake,Western Texas,,,,,,,,,,135.09852685265602,26.901732918483088,2026-01-28 17:37:21
tx2026bxungv,final,2026-01-28,02:58:05,1.9,,28.8487,1.5,-99.0160,0.7,7.5,7.7,1.3,0.3,24,15,TXNet,earthquake,Southern Texas,,,,,,,,,,114.47590375821612,10.05995353716607,2026-02-03 20:35:05
tx2026bxuljq,final,2026-01-28,02:55:54,1.9,,28.8103,1.1,-98.9966,0.8,8.1,8.3,1.5,0.3,23,15,TXNet,earthquake,Southern Texas,,,,,,,,,,109.80432210828747,13.874122492565052,2026-02-03 21:11:49
tx2026bxtqga,final,2026-01-28,02:31:16,1.7,,31.9794,0.4,-103.2929,0.5,7.6,8.5,1.1,0.1,22,17,TXNet,earthquake,Western Texas,,,,,,,,,,37.87675061834899,9.453513280544314,2026-01-28 15:30:46
tx2026bxtdfy,final,2026-01-28,02:16:18,1.4,,31.9833,0.4,-103.2983,0.5,5.8,6.7,1.5,0.2,29,20,TXNet,earthquake,Western Texas,,,,,,,,,,38.17285960448541,5.931885453000558,2026-01-28 16:24:21
tx2026bxsvcw,final,2026-01-28,02:06:53,1.7,,32.5626,0.4,-101.0882,0.4,5.8,6.5,1.9,0.1,31,24,TXNet,earthquake,Western Texas,,,,,,,,,,50.18366742447133,11.190617089671047,2026-01-28 14:18:49
tx2026bxsnnh,final,2026-01-28,01:58:03,1.7,,28.8856,1.4,-99.0048,0.5,7.8,8.0,1.0,0.3,19,12,TXNet,earthquake,Southern Texas,,,,,,,,,,167.93389640450084,10.299525005291507,2026-01-30 23:41:40
tx2026bxqzzi,final,2026-01-28,01:12:23,1.3,,31.8741,0.5,-102.4065,0.7,7.9,8.8,1.9,0.1,20,12,TXNet,earthquake,Western Texas,,,,,,,,,,82.89114816524793,7.422767477789665,2026-02-27 21:45:22
tx2026bxquto,final,2026-01-28,01:06:13,1.9,,28.9000,1.5,-99.0075,0.7,7.8,8.0,1.3,0.3,15,11,TXNet,earthquake,Southern Texas,,,,,,,,,,85.32023172821907,10.17507324067948,2026-01-28 16:39:42
tx2026bxpewf,final,2026-01-28,00:17:30,1.1,,32.5681,0.6,-101.1053,1.0,8.4,9.1,2.4,0.1,14,11,TXNet,earthquake,Western Texas,,,,,,,,,,61.469591347429855,17.329029016947047,2026-01-28 20:57:10
tx2026bxnnex,final,2026-01-27,23:26:49,1.7,,31.5432,0.4,-104.1399,0.3,8.9,9.9,0.4,0.1,42,28,TXNet,earthquake,Western Texas,,,,,,,,,,30.42225166270053,4.114750634860549,2026-01-28 15:22:22
tx2026bxmigx,final,2026-01-27,22:50:55,2.2,,28.8246,1.1,-99.1102,1.4,6.6,6.7,1.4,0.2,11,8,TXNet,earthquake,Southern Texas,,,,,,,,,,62.2837797406054,6.726075985468312,2026-01-28 15:53:44
tx2026bxlasg,final,2026-01-27,22:11:57,1.9,,28.8356,1.0,-99.0124,0.9,6.2,6.4,1.6,0.3,17,12,TXNet,earthquake,Southern Texas,,,,,,,,,,112.9871405826763,11.031393788285651,2026-02-03 20:33:04
tx2026bxkutz,final,2026-01-27,22:05:04,2.0,,28.8254,1.1,-98.9993,0.6,4.4,4.6,1.4,0.3,26,16,TXNet,earthquake,Southern Texas,,,,,,,,,,116.19631764322916,12.707030133460092,2026-01-28 01:03:56
tx2026bxkrxf,final,2026-01-27,22:01:45,1.7,,28.8671,2.3,-99.0219,1.0,9.5,9.7,1.6,0.3,16,12,TXNet,earthquake,Southern Texas,,,,,,,,,,132.38206516700313,8.857274021929484,2026-01-30 22:21:39
tx2026bxkjbg,final,2026-01-27,21:51:31,0.3,,32.2275,0.5,-101.9220,0.7,4.1,4.9,1.6,0.1,19,15,TXNet,earthquake,Western Texas,,,,,,,,,,15.686618045903382,3.5834826330668377,2026-03-11 15:41:42
tx2026bxjjhe,final,2026-01-27,21:21:34,1.8,,28.8611,2.3,-99.0084,0.9,7.2,7.3,2.2,0.3,15,11,TXNet,earthquake,Southern Texas,,,,,,,,,,78.67460348313647,10.299827424627132,2026-01-28 18:18:19
tx2026bxilcl,final,2026-01-27,20:54:00,1.0,,32.3575,0.3,-102.0978,0.3,8.2,9.1,0.6,0.2,58,35,TXNet,earthquake,Western Texas,,,,,,,,,,42.27709912141334,2.187621482345215,2026-01-28 14:49:42
tx2026bxiira,final,2026-01-27,20:50:41,1.9,,28.8982,1.9,-98.9928,1.5,3.5,3.6,1.7,0.2,14,10,TXNet,earthquake,Southern Texas,,,,,,,,,,77.35832517817772,11.561234654553898,2026-02-02 17:36:14
tx2026bxftnc,final,2026-01-27,19:32:47,1.4,,32.5571,0.4,-101.1074,0.6,3.5,4.2,1.7,0.2,24,17,TXNet,earthquake,Western Texas,,,,,,,,,,65.41776029752134,9.28768986173518,2026-01-28 16:46:43
tx2026bxeujm,final,2026-01-27,19:03:33,2.0,,28.8643,1.5,-99.0130,0.6,8.4,8.6,1.6,0.2,24,16,TXNet,earthquake,Southern Texas,,,,,,,,,,123.11536304159527,9.780603275092494,2026-02-03 20:29:33
tx2026bxefcb,final,2026-01-27,18:45:51,1.7,,28.8557,1.2,-99.0153,0.7,7.3,7.5,1.0,0.3,22,13,TXNet,earthquake,Southern Texas,,,,,,,,,,202.21163998712478,9.840364397115023,2026-01-30 21:06:00
tx2026bxbzoi,final,2026-01-27,17:39:07,2.9,,32.0059,0.2,-101.3540,0.2,9.8,10.6,0.8,0.1,33,21,TXNet,earthquake,Western Texas,,,,,,,,,,42.45331703112823,17.318910337085818,2026-01-27 18:27:38
tx2026bxanga,final,2026-01-27,16:54:45,0.8,,32.4445,0.6,-101.5180,0.5,7.0,7.8,1.7,0.1,15,9,TXNet,earthquake,Western Texas,,,,,,,,,,37.89891704821733,7.372140595984438,2026-01-28 21:33:25
tx2026bxadol,final,2026-01-27,16:43:24,1.5,,32.5607,0.5,-101.1139,0.5,4.7,5.4,2.0,0.1,20,15,TXNet,earthquake,Western Texas,,,,,,,,,,43.9934033187343,8.918280374116057,2026-01-27 23:05:28
tx2026bwzrhj,final,2026-01-27,16:29:10,0.3,,32.3611,0.6,-102.1043,0.7,8.4,9.3,1.3,0.1,12,9,TXNet,earthquake,Western Texas,,,,,,,,,,9.00453379823429,1.554881405923875,2026-03-11 15:11:47
tx2026bwznkn,final,2026-01-27,16:24:41,1.8,,31.6856,0.5,-104.4276,0.5,4.9,6.2,0.5,0.2,31,22,TXNet,earthquake,Western Texas,,,,,,,,,,36.93907665259468,0.6099353377982297,2026-01-27 16:56:38
tx2026bwzhpl,final,2026-01-27,16:17:58,0.5,,32.1048,0.2,-102.1536,0.4,6.8,7.6,0.6,0.1,25,16,TXNet,earthquake,Western Texas,,,,,,,,,,26.987282439575498,3.0407827897635373,2026-02-27 21:39:48
tx2026bwyqfj,final,2026-01-27,15:57:50,0.9,,32.3483,0.2,-102.0957,0.3,7.1,8.0,0.6,0.1,31,22,TXNet,earthquake,Western Texas,,,,,,,,,,13.320848146082792,2.731409541447131,2026-01-27 19:16:26
tx2026bwyefl,final,2026-01-27,15:44:15,1.4,,32.3538,0.2,-102.0978,0.2,8.6,9.5,0.6,0.1,39,25,TXNet,earthquake,Western Texas,,,,,,,,,,47.449136790320075,6.139327615719732,2026-01-27 18:42:35
tx2026bwwxlq,final,2026-01-27,15:05:49,0.8,,32.1011,0.2,-101.9049,0.2,8.0,8.8,0.9,0.2,53,34,TXNet,earthquake,Western Texas,,,,,,,,,,33.757871898846545,8.156939778200721,2026-01-28 15:03:17
tx2026bwwafe,final,2026-01-27,14:38:51,0.8,,32.1048,0.2,-101.9006,0.2,8.8,9.6,0.8,0.2,55,33,TXNet,earthquake,Western Texas,,,,,,,,,,37.25304876611812,8.238677007054457,2026-01-28 15:29:47
tx2026bwvgoz,final,2026-01-27,14:16:04,0.3,,32.3923,0.6,-102.1085,0.6,7.7,8.6,1.3,0.2,23,15,TXNet,earthquake,Western Texas,,,,,,,,,,23.546110837225616,3.4313102282863235,2026-03-11 15:16:12
tx2026bwuynh,final,2026-01-27,14:06:52,1.3,,31.5471,0.5,-104.1333,0.5,7.5,8.5,0.6,0.1,25,16,TXNet,earthquake,Western Texas,,,,,,,,,,22.805566692923747,3.53931213721862,2026-01-27 16:25:00
tx2026bwuaok,final,2026-01-27,13:38:54,1.8,,32.9636,0.4,-100.8716,0.4,7.3,8.0,0.7,0.1,27,17,TXNet,earthquake,Western Texas,,,,,,,,,,99.67015702077711,7.206156590133458,2026-01-27 15:09:23
tx2026bwtbqq,final,2026-01-27,13:09:57,1.9,,28.8329,1.2,-99.0195,0.5,8.4,8.6,1.1,0.3,24,16,TXNet,earthquake,Southern Texas,,,,,,,,,,199.79068292561809,10.596972442366372,2026-01-28 21:22:23
tx2026bwrhdn,final,2026-01-27,12:16:09,0.4,,32.3557,0.3,-102.0978,0.4,7.8,8.7,0.7,0.2,39,23,TXNet,earthquake,Western Texas,,,,,,,,,,37.49691235353235,2.2300011200719214,2026-01-28 17:56:10
tx2026bwqbor,final,2026-01-27,11:39:10,2.0,,28.8449,1.6,-99.0110,1.0,6.6,6.8,1.4,0.3,17,14,TXNet,earthquake,Southern Texas,,,,,,,,,,75.10024150099608,10.678915998504976,2026-01-28 15:58:31
tx2026bwonui,final,2026-01-27,10:53:13,1.3,,32.7914,0.5,-100.6658,0.3,7.6,8.3,0.9,0.2,23,13,TXNet,earthquake,Western Texas,,,,,,,,,,229.55433746572047,7.8130974609703605,2026-03-11 20:19:04
tx2026bwnxuh,final,2026-01-27,10:34:36,1.9,,28.8931,2.2,-98.9834,1.0,6.2,6.3,2.1,0.2,10,9,TXNet,earthquake,Southern Texas,,,,,,,,,,48.724367691803685,12.41809175196409,2026-01-27 19:37:56
tx2026bwnwtf,final,2026-01-27,10:33:28,2.0,,28.8979,1.4,-98.9984,0.6,6.5,6.7,1.3,0.4,18,13,TXNet,earthquake,Southern Texas,,,,,,,,,,122.63355445994435,11.017792247203404,2026-02-03 20:28:04
tx2026bwkfol,final,2026-01-27,08:42:57,1.7,,28.8542,1.8,-99.0100,0.8,7.9,8.1,1.6,0.3,21,13,TXNet,earthquake,Southern Texas,,,,,,,,,,133.01894382674882,10.377463023138365,2026-02-03 20:27:19
tx2026bwjzhk,final,2026-01-27,08:35:40,1.9,,28.8508,2.0,-99.0039,0.7,5.2,5.4,1.8,0.3,16,14,TXNet,earthquake,Southern Texas,,,,,,,,,,69.98577020899917,11.065230490413011,2026-01-27 19:08:45
tx2026bwjvfh,final,2026-01-27,08:30:58,1.0,,32.1213,0.3,-101.0474,0.4,9.3,9.9,1.6,0.1,23,15,TXNet,earthquake,Western Texas,,,,,,,,,,159.4365492607588,24.18268560699705,2026-03-11 20:34:36
tx2026bwjlpn,final,2026-01-27,08:19:47,1.8,,28.8499,1.6,-99.0270,0.8,7.2,7.4,1.4,0.3,18,13,TXNet,earthquake,Southern Texas,,,,,,,,,,123.3732656352202,9.02791517274324,2026-02-03 20:26:18
tx2026bwheba,final,2026-01-27,07:10:40,1.9,,28.8425,1.5,-99.0301,0.7,7.4,7.6,1.2,0.3,24,16,TXNet,earthquake,Southern Texas,,,,,,,,,,80.76999543719498,9.158576013197257,2026-01-27 17:00:16
tx2026bwegtj,final,2026-01-27,05:43:34,1.1,,32.1048,0.2,-101.8985,0.2,8.9,9.7,0.7,0.1,85,51,TXNet,earthquake,Western Texas,,,,,,,,,,36.07862481451485,8.40568068284967,2026-01-27 13:28:15
tx2026bwcyfn,final,2026-01-27,05:03:10,1.3,,32.5644,0.5,-101.0860,0.7,8.1,8.8,2.7,0.3,23,16,TXNet,earthquake,Western Texas,,,,,,,,,,135.33609564495646,18.272171823713162,2026-01-29 15:25:23
tx2026bwcwhn,final,2026-01-27,05:01:00,1.4,,32.5662,0.4,-101.0967,0.5,5.7,6.4,2.0,0.2,30,18,TXNet,earthquake,Western Texas,,,,,,,,,,67.21899645780609,10.627989853918175,2026-01-27 17:46:37
tx2026bwcpvp,final,2026-01-27,04:53:29,1.9,,28.8664,1.8,-99.0162,0.5,7.1,7.3,0.8,0.3,22,16,TXNet,earthquake,Southern Texas,,,,,,,,,,83.84489582395149,9.420955126694853,2026-01-27 19:34:06
tx2026bwcpsd,final,2026-01-27,04:53:23,0.6,,32.2293,0.3,-101.8942,0.2,6.5,7.3,0.7,0.2,52,32,TXNet,earthquake,Western Texas,,,,,,,,,,34.36864899483821,3.100183621078365,2026-01-27 16:25:32
tx2026bwccjd,final,2026-01-27,04:37:52,1.7,,28.9497,1.2,-98.9313,2.0,6.1,6.3,1.4,0.3,19,11,TXNet,earthquake,Southern Texas,,,,,,,,,,94.30370878027142,18.890552799384775,2026-01-28 00:43:02
tx2026bwbygl,final,2026-01-27,04:33:13,0.9,,32.2183,0.2,-101.9885,0.2,7.0,7.8,0.9,0.2,71,45,TXNet,earthquake,Western Texas,,,,,,,,,,35.90060004407668,5.173723944216339,2026-01-27 15:24:46
tx2026bwbvix,final,2026-01-27,04:30:00,1.6,,32.2202,0.2,-101.9885,0.2,8.2,9.0,0.6,0.1,100,58,TXNet,earthquake,Western Texas,,,,,,,,,,39.83662046895412,5.358315497641405,2026-01-27 12:57:12
tx2026bwbbxr,final,2026-01-27,04:07:12,1.2,,32.5662,0.6,-101.1053,0.8,8.4,9.0,3.1,0.2,18,10,TXNet,earthquake,Western Texas,,,,,,,,,,66.77187972867972,17.175124997530453,2026-01-30 21:27:38
tx2026bwallo,final,2026-01-27,03:48:08,2.2,,28.8948,1.8,-99.0055,0.7,7.0,7.2,1.3,0.3,18,16,TXNet,earthquake,Southern Texas,,,,,,,,,,74.05696026944781,10.29167364210799,2026-01-27 16:21:05
tx2026bwacii,final,2026-01-27,03:39:19,1.9,,31.6528,0.3,-104.2174,0.2,6.0,7.1,0.5,0.1,65,40,TXNet,earthquake,Western Texas,,,,,,,,,,37.219731525268045,4.964943398967085,2026-01-27 15:08:12
tx2026bvzyaa,final,2026-01-27,03:32:33,1.4,,32.4142,0.3,-100.9831,0.4,3.8,4.5,2.6,0.1,32,21,TXNet,earthquake,Western Texas,,,,,,,,,,82.41436733938593,23.105246399517526,2026-01-27 16:58:23
tx2026bvzrdw,final,2026-01-27,03:24:33,1.3,,32.5681,0.4,-101.1332,0.8,6.3,7.0,1.5,0.2,24,14,TXNet,earthquake,Western Texas,,,,,,,,,,95.70329775663201,7.844638437818652,2026-01-27 17:57:09
tx2026bvxurj,final,2026-01-27,02:28:27,1.3,,32.1259,0.5,-101.0378,0.6,7.2,7.9,3.0,0.1,22,15,TXNet,earthquake,Western Texas,,,,,,,,,,58.432764251069486,24.956962444172273,2026-01-27 16:00:58
tx2026bvwbpp,final,2026-01-27,01:35:59,1.2,,32.5543,0.7,-101.1021,1.0,6.1,6.8,3.0,0.2,23,14,TXNet,earthquake,Western Texas,,,,,,,,,,136.9067621352527,16.413023247045672,2026-01-29 15:39:46
tx2026bvtsgy,final,2026-01-27,00:24:47,1.6,,28.7477,0.7,-98.8388,0.6,6.1,6.3,1.0,0.2,28,17,TXNet,earthquake,Southern Texas,,,,,,,,,,146.01607341211243,15.011841099445958,2026-01-28 21:15:32
tx2026bvtoyy,final,2026-01-27,00:20:58,1.4,,32.5589,0.3,-101.1053,0.5,5.1,5.8,2.0,0.1,28,17,TXNet,earthquake,Western Texas,,,,,,,,,,67.45231067387,9.553677024315403,2026-01-27 15:48:49
tx2026bvtahm,final,2026-01-27,00:03:55,1.7,,28.8581,2.1,-99.0070,0.7,8.3,8.4,1.3,0.2,19,14,TXNet,earthquake,Southern Texas,,,,,,,,,,70.49931210924193,10.523010731233777,2026-01-27 18:45:20
tx2026bvszru,final,2026-01-27,00:03:15,1.7,,32.1194,0.4,-101.0474,0.4,9.0,9.6,1.5,0.2,48,32,TXNet,earthquake,Western Texas,,,,,,,,,,138.86977327348555,23.98907567099583,2026-01-27 15:50:47
tx2026bvosfx,final,2026-01-26,21:53:54,1.3,,32.5607,0.6,-101.0989,1.0,6.3,6.9,2.4,0.1,14,11,TXNet,earthquake,Western Texas,,,,,,,,,,62.050654300917486,17.132703248385816,2026-01-28 18:18:48
tx2026bvnscb,final,2026-01-26,21:23:34,1.1,,32.1075,0.2,-101.9210,0.2,8.8,9.7,0.6,0.1,62,49,TXNet,earthquake,Western Texas,,,,,,,,,,30.953790864503265,6.539949457978689,2026-01-27 13:50:32
tx2026bvnaxo,final,2026-01-26,21:03:38,0.8,,32.1231,0.6,-101.5362,0.7,5.5,6.3,1.8,0.2,22,14,TXNet,earthquake,Western Texas,,,,,,,,,,56.20437168067968,3.903964792610455,2026-01-29 17:03:05
tx2026bvjcaj,final,2026-01-26,19:04:15,2.4,,31.5276,0.5,-104.0231,0.2,7.3,8.3,0.4,0.1,40,30,TXNet,earthquake,Western Texas,,,,,,,,,,31.67475393606775,3.043344537673715,2026-01-26 23:01:22
tx2026bvivkf,final,2026-01-26,18:56:34,0.9,,32.3373,0.4,-101.5362,0.3,5.3,6.1,0.9,0.1,31,18,TXNet,earthquake,Western Texas,,,,,,,,,,60.83814878145605,1.2585372777195638,2026-01-29 15:45:00
tx2026bvinjd,final,2026-01-26,18:47:17,1.6,,31.6067,0.3,-103.9672,0.2,8.8,9.8,0.4,0.1,45,26,TXNet,earthquake,Western Texas,,,,,,,,,,28.537773776538685,0.4675899614159038,2026-01-27 00:37:34
tx2026bvikkn,final,2026-01-26,18:43:48,1.8,,31.5444,0.3,-104.0291,0.2,8.0,9.0,0.4,0.1,42,31,TXNet,earthquake,Western Texas,,,,,,,,,,34.48191888261981,2.588985728247912,2026-01-26 23:02:22
tx2026bvhlxn,final,2026-01-26,18:15:21,1.5,,31.6553,0.7,-104.4935,0.5,6.1,7.4,0.7,0.2,29,21,TXNet,earthquake,Western Texas,,,,,,,,,,43.01827249018463,1.637582908066777,2026-01-27 15:33:00
tx2026bvhgew,final,2026-01-26,18:08:41,2.0,,28.8716,1.6,-99.0068,0.6,8.6,8.8,1.3,0.3,19,14,TXNet,earthquake,Southern Texas,,,,,,,,,,77.86027486872541,10.22149928090089,2026-01-27 18:36:49
tx2026bvgomv,final,2026-01-26,17:48:11,2.0,,31.6148,0.7,-103.9686,0.4,7.9,8.9,0.5,0.1,21,15,TXNet,earthquake,Western Texas,,,,,,,,,,11.293582569891042,0.4554168591254712,2026-01-26 21:54:47
tx2026bvgiji,final,2026-01-26,17:41:15,1.3,,32.5589,0.9,-101.1139,1.4,7.8,8.5,3.1,0.2,12,10,TXNet,earthquake,Western Texas,,,,,,,,,,71.67916855347909,25.364826834134128,2026-01-28 21:55:42
tx2026bvfuiy,final,2026-01-26,17:24:49,1.1,,32.5662,0.7,-101.0882,0.8,6.4,7.1,2.9,0.1,18,13,TXNet,earthquake,Western Texas,,,,,,,,,,61.162475348699594,18.27221873313637,2026-01-27 21:50:09
tx2026bvehnl,final,2026-01-26,16:42:45,2.1,,31.6297,0.3,-104.1440,0.2,6.1,7.1,0.4,0.1,52,35,TXNet,earthquake,Western Texas,,,,,,,,,,35.59165614752417,5.991948618250794,2026-01-26 17:09:03
tx2026bvedch,final,2026-01-26,16:34:34,2.1,,28.8471,1.4,-99.0166,0.7,8.7,8.9,1.3,0.2,19,13,TXNet,earthquake,Southern Texas,,,,,,,,,,69.40321208145114,10.072036238708884,2026-01-27 19:53:36
tx2026bvdsuj,final,2026-01-26,16:22:38,1.2,,32.5616,0.6,-101.0849,0.8,8.3,9.0,3.2,0.1,21,14,TXNet,earthquake,Western Texas,,,,,,,,,,68.26272249886127,18.133691905770668,2026-01-28 20:58:04
tx2026bvdjwf,final,2026-01-26,16:12:15,1.9,,28.8562,1.7,-99.0117,0.8,8.3,8.5,1.6,0.2,15,12,TXNet,earthquake,Southern Texas,,,,,,,,,,68.51559605632633,10.150115699554382,2026-01-27 18:49:30
tx2026bvchpk,final,2026-01-26,15:39:30,1.2,,32.5662,0.4,-101.1053,0.6,8.0,8.7,2.2,0.2,26,16,TXNet,earthquake,Western Texas,,,,,,,,,,102.62560454895474,17.175124997530453,2026-01-28 18:48:13
tx2026bvcgsx,final,2026-01-26,15:38:38,1.2,,32.5626,0.4,-101.1032,0.6,7.6,8.3,2.1,0.1,20,14,TXNet,earthquake,Western Texas,,,,,,,,,,71.2319449794301,17.005630030472783,2026-01-28 21:25:46
tx2026bvccxe,final,2026-01-26,15:34:03,0.4,,32.4088,0.7,-102.0528,0.6,7.2,8.0,1.1,0.1,18,11,TXNet,earthquake,Western Texas,,,,,,,,,,15.130586489511103,3.5044178850444614,2026-03-10 20:49:55
tx2026bvbubv,final,2026-01-26,15:23:48,0.7,,32.3318,0.6,-101.5340,0.4,5.2,5.9,0.9,0.2,27,16,TXNet,earthquake,Western Texas,,,,,,,,,,60.23907632138074,0.8088808170315801,2026-01-29 16:17:10
tx2026buzmmx,final,2026-01-26,14:14:49,0.9,,32.3309,0.5,-101.5394,0.3,4.7,5.5,0.8,0.1,28,16,TXNet,earthquake,Western Texas,,,,,,,,,,60.484071097653654,1.2975803379882291,2026-01-27 19:47:44
tx2026buydtg,final,2026-01-26,13:34:31,0.5,,32.0975,0.4,-101.9135,0.7,8.5,9.3,1.8,0.2,27,17,TXNet,earthquake,Western Texas,,,,,,,,,,76.95775263443436,7.822376686368031,2026-03-10 20:18:22
tx2026buxvra,final,2026-01-26,13:25:06,1.7,,32.1231,0.3,-101.0431,0.3,7.6,8.3,1.8,0.1,42,28,TXNet,earthquake,Western Texas,,,,,,,,,,73.34845586776817,24.502933401019845,2026-01-27 14:07:57
tx2026buxinq,final,2026-01-26,13:09:42,1.1,,31.6260,0.3,-103.9593,0.3,5.9,6.9,0.5,0.2,47,24,TXNet,earthquake,Western Texas,,,,,,,,,,135.16683259907285,1.923162732681201,2026-01-27 15:16:22
tx2026buwflg,final,2026-01-26,12:36:05,0.5,,31.8576,0.5,-101.9220,0.6,4.7,5.5,1.8,0.2,30,21,TXNet,earthquake,Western Texas,,,,,,,,,,49.58438464813957,4.1453642024849735,2026-03-11 14:50:16
tx2026buvsck,final,2026-01-26,12:20:28,1.6,,28.8535,1.9,-99.0155,0.7,7.4,7.6,1.3,0.2,15,11,TXNet,earthquake,Southern Texas,,,,,,,,,,69.6286416835115,9.90494029121763,2026-01-27 19:57:05
tx2026buvjmf,final,2026-01-26,12:10:33,1.4,,32.5626,0.5,-101.1053,0.5,3.7,4.4,2.4,0.1,22,14,TXNet,earthquake,Western Texas,,,,,,,,,,49.473381324628335,16.870476883806308,2026-01-27 20:27:22
tx2026buvczg,final,2026-01-26,12:03:12,1.7,,28.8690,1.2,-99.0144,0.5,7.7,7.9,1.0,0.2,24,16,TXNet,earthquake,Southern Texas,,,,,,,,,,167.7477726118766,9.532744050609312,2026-01-28 00:07:35
tx2026buuofb,final,2026-01-26,11:45:52,1.2,,32.5644,0.6,-101.0731,0.9,4.8,5.4,2.8,0.1,15,12,TXNet,earthquake,Western Texas,,,,,,,,,,72.45357066522458,19.155127422638515,2026-01-28 21:04:07
tx2026buujob,final,2026-01-26,11:40:41,1.3,,32.5635,0.3,-101.0957,0.3,8.2,8.9,1.3,0.1,34,20,TXNet,earthquake,Western Texas,,,,,,,,,,136.24438531964756,17.561725405999173,2026-01-27 22:24:44
tx2026butquy,final,2026-01-26,11:18:48,1.6,,32.5681,0.4,-101.0839,0.5,5.5,6.2,1.9,0.1,34,20,TXNet,earthquake,Western Texas,,,,,,,,,,67.73505133094103,11.803714767031387,2026-01-26 15:52:58
tx2026butomy,final,2026-01-26,11:15:59,1.4,,32.5644,0.4,-101.0924,0.5,7.1,7.8,2.3,0.1,26,19,TXNet,earthquake,Western Texas,,,,,,,,,,72.21060854527161,17.844886711863044,2026-01-27 20:33:26
tx2026butmvz,final,2026-01-26,11:14:12,1.5,,32.5589,0.3,-101.1117,0.4,8.1,8.8,1.6,0.1,33,22,TXNet,earthquake,Western Texas,,,,,,,,,,93.6428706434238,16.16543668014104,2026-07-08 07:27:43
tx2026butgcg,final,2026-01-26,11:06:13,1.2,,32.5552,0.4,-101.0882,0.6,5.2,5.8,2.5,0.2,25,17,TXNet,earthquake,Western Texas,,,,,,,,,,100.81357770698574,17.428650541605187,2026-01-27 22:44:55
tx2026busput,final,2026-01-26,10:47:12,1.9,,32.5681,0.4,-101.0860,0.4,5.7,6.4,1.9,0.2,42,23,TXNet,earthquake,Western Texas,,,,,,,,,,63.45066805388559,11.621415937920117,2026-01-26 14:48:33
tx2026bushsp,final,2026-01-26,10:37:53,2.5,,28.8594,1.2,-99.0123,0.7,6.8,7.0,0.9,0.4,35,23,TXNet,earthquake,Southern Texas,,,,,,,,,,104.47023498152605,9.982450402450004,2026-02-03 20:24:11
tx2026busfzf,final,2026-01-26,10:35:53,1.6,,32.5626,0.3,-101.1096,0.3,7.8,8.5,1.7,0.2,42,24,TXNet,earthquake,Western Texas,,,,,,,,,,72.09403243626257,9.368698169938849,2026-01-26 15:03:50
tx2026burzvj,final,2026-01-26,10:28:46,1.5,,32.5626,0.6,-101.0946,0.8,6.5,7.1,2.8,0.1,19,12,TXNet,earthquake,Western Texas,,,,,,,,,,67.66885496299295,10.636953617600541,2026-01-27 21:31:31
tx2026burunl,final,2026-01-26,10:22:37,4.3,3.8,32.5626,0.4,-101.0946,0.4,6.5,7.1,1.9,0.1,31,23,TXNet,earthquake,Western Texas,52,32,-92,235,58,-89,,72.25108555710409,0.18838233541843163,52.32787423833612,10.636953617600541,2026-01-26 18:48:37
tx2026buqkwd,final,2026-01-26,09:44:17,0.6,,32.4014,0.3,-102.1493,0.5,6.7,7.6,0.5,0.1,34,20,TXNet,earthquake,Western Texas,,,,,,,,,,26.88760930022488,3.5078829407798766,2026-01-27 21:52:05
tx2026bupwnz,final,2026-01-26,09:24:34,1.9,,28.8815,1.9,-99.0156,0.6,8.4,8.6,1.2,0.3,15,12,TXNet,earthquake,Southern Texas,,,,,,,,,,76.52218900816364,9.256577794122567,2026-01-27 16:06:02
tx2026buojtf,final,2026-01-26,08:39:34,1.2,,32.3520,0.2,-102.0807,0.2,6.9,7.8,0.5,0.2,79,42,TXNet,earthquake,Western Texas,,,,,,,,,,42.295892863182615,3.89154269022069,2026-01-26 14:31:29
tx2026bumqcf,final,2026-01-26,07:46:49,2.0,,31.7183,0.3,-104.5255,0.5,5.0,6.2,0.4,0.1,23,15,TXNet,earthquake,Western Texas,,,,,,,,,,41.48561176225888,0.27732651615503817,2026-01-26 15:58:23
tx2026bulttc,final,2026-01-26,07:20:40,0.8,,32.1048,0.2,-101.9220,0.2,8.4,9.2,0.9,0.1,69,39,TXNet,earthquake,Western Texas,,,,,,,,,,38.165703555908756,6.6754532016319015,2026-01-26 16:59:36
tx2026buliop,final,2026-01-26,07:07:39,1.9,,28.8520,1.3,-99.0128,0.6,7.8,7.9,0.9,0.3,29,20,TXNet,earthquake,Southern Texas,,,,,,,,,,83.94901296865523,10.205882748172892,2026-01-27 16:11:42
tx2026bujndw,final,2026-01-26,06:12:40,1.0,,31.8942,0.5,-101.7184,0.6,7.6,8.4,1.0,0.1,20,14,TXNet,earthquake,Western Texas,,,,,,,,,,54.4088017345708,5.655092915732125,2026-03-11 14:22:02
tx2026bujfja,final,2026-01-26,06:03:38,0.8,,31.7972,0.4,-101.6305,0.6,5.9,6.8,1.8,0.1,27,20,TXNet,earthquake,Western Texas,,,,,,,,,,67.97250212415416,9.092955984317475,2026-03-11 14:36:13
tx2026buhgjo,final,2026-01-26,05:04:26,1.7,,28.8904,1.5,-99.0187,0.8,6.9,7.1,1.5,0.3,13,10,TXNet,earthquake,Southern Texas,,,,,,,,,,72.97836714115417,8.967860890919704,2026-02-03 20:20:04
tx2026bufvkz,final,2026-01-26,04:21:33,2.1,,28.8732,1.6,-99.0144,0.5,7.6,7.8,0.9,0.2,23,18,TXNet,earthquake,Southern Texas,,,,,,,,,,79.30423982147614,9.452980990011827,2026-01-27 16:25:20
tx2026bufbxg,final,2026-01-26,03:59:04,1.6,,31.3449,0.3,-103.7273,0.2,7.5,8.3,1.1,0.1,31,24,TXNet,earthquake,Western Texas,,,,,,,,,,29.591308699439374,7.294677151765799,2026-01-26 15:33:02
tx2026buedhd,final,2026-01-26,03:30:28,1.8,,31.7152,0.4,-104.5237,0.8,4.8,6.0,0.5,0.2,32,26,TXNet,earthquake,Western Texas,,,,,,,,,,49.10007988206147,0.574447327278797,2026-01-26 16:28:53
tx2026bucfga,final,2026-01-26,02:34:28,1.5,,32.1048,0.2,-101.9263,0.2,8.6,9.4,0.7,0.1,100,57,TXNet,earthquake,Western Texas,,,,,,,,,,38.187664484816025,6.393501791963664,2026-01-26 12:55:28
tx2026btyopn,final,2026-01-26,00:42:28,0.7,,32.1066,0.3,-101.9521,0.5,8.9,9.7,0.9,0.1,34,25,TXNet,earthquake,Western Texas,,,,,,,,,,24.073607639642525,4.873587863265195,2026-01-27 20:12:14
tx2026btxnkh,final,2026-01-26,00:10:54,1.8,,31.6479,0.5,-104.4288,0.4,6.1,7.3,0.5,0.2,40,27,TXNet,earthquake,Western Texas,,,,,,,,,,61.62018366732073,0.9727145057949544,2026-01-26 03:56:45
tx2026btwevg,final,2026-01-25,23:30:45,1.7,,31.7096,0.4,-104.4036,0.4,6.8,8.0,0.6,0.2,55,33,TXNet,earthquake,Western Texas,,,,,,,,,,116.7158726516695,3.1229489727833073,2026-01-26 03:35:38
tx2026btwbnc,final,2026-01-25,23:26:55,0.4,,32.1149,0.5,-101.9167,0.8,8.1,8.9,1.9,0.2,22,17,TXNet,earthquake,Western Texas,,,,,,,,,,22.057773653349486,6.3566604950908525,2026-03-10 20:31:42
tx2026btvmwz,final,2026-01-25,23:09:58,0.4,,32.1011,0.5,-101.9306,0.6,8.4,9.2,1.6,0.1,21,17,TXNet,earthquake,Western Texas,,,,,,,,,,23.96615611262509,6.441409552316009,2026-03-11 13:59:57
tx2026btvjyn,final,2026-01-25,23:07:36,1.2,,31.7552,0.2,-103.8435,0.3,7.1,8.0,0.5,0.1,46,35,TXNet,earthquake,Western Texas,,,,,,,,,,25.052890409051635,1.010584827541389,2026-01-26 16:42:09
tx2026btuhzt,final,2026-01-25,22:34:13,2.0,,28.8587,1.7,-99.0164,0.6,7.8,7.9,1.2,0.3,19,15,TXNet,earthquake,Southern Texas,,,,,,,,,,70.06733318201658,9.625125479492468,2026-01-27 18:42:23
tx2026btufkr,final,2026-01-25,22:31:06,2.0,,28.8574,1.2,-99.0166,0.6,8.0,8.2,0.9,0.3,23,14,TXNet,earthquake,Southern Texas,,,,,,,,,,122.98137325676035,9.653688503125833,2026-02-03 20:17:10
tx2026btnvdt,final,2026-01-25,19:18:09,1.7,,28.8628,1.3,-99.0183,1.1,8.8,9.0,1.9,0.2,17,12,TXNet,earthquake,Southern Texas,,,,,,,,,,70.36648975059018,9.320394060184555,2026-01-30 21:32:44
tx2026btmmhw,final,2026-01-25,18:37:42,1.8,,28.8569,1.6,-98.9967,0.8,9.7,9.9,1.7,0.2,12,10,TXNet,earthquake,Southern Texas,,,,,,,,,,57.23544793243227,11.5260670437989,2026-01-28 21:19:48
tx2026btlvps,final,2026-01-25,18:18:20,1.8,,28.8554,1.4,-99.0225,0.6,8.3,8.5,1.1,0.2,15,10,TXNet,earthquake,Southern Texas,,,,,,,,,,79.05534274759248,9.186034259877665,2026-02-03 22:23:42
tx2026btllfa,final,2026-01-25,18:06:17,1.6,,31.6546,0.5,-104.3869,0.4,6.1,7.3,0.8,0.2,38,27,TXNet,earthquake,Western Texas,,,,,,,,,,41.93224584064056,4.278251748799076,2026-01-26 15:08:14
tx2026btkggg,final,2026-01-25,17:30:20,1.8,,28.8592,1.9,-99.0194,0.8,8.3,8.5,1.8,0.2,12,9,TXNet,earthquake,Southern Texas,,,,,,,,,,59.36703580782318,9.333408637793884,2026-01-27 20:03:20
tx2026btiqxb,final,2026-01-25,16:42:22,0.6,,32.3703,0.4,-102.1107,0.4,7.3,8.2,0.8,0.1,27,16,TXNet,earthquake,Western Texas,,,,,,,,,,15.19803102779606,1.4290139247058655,2026-03-10 19:47:15
tx2026bthtug,final,2026-01-25,16:15:32,1.9,,28.8446,2.0,-99.0174,0.9,7.6,7.8,2.3,0.2,15,11,TXNet,earthquake,Southern Texas,,,,,,,,,,59.48098012664988,10.126615180795364,2026-01-27 19:28:26
tx2026bthcvb,final,2026-01-25,15:55:51,1.7,,31.7148,0.5,-104.5199,0.5,6.0,7.3,0.5,0.2,40,25,TXNet,earthquake,Western Texas,,,,,,,,,,77.24514917649209,0.9018477508452266,2026-01-26 04:36:22
tx2026btgbhi,final,2026-01-25,15:23:56,1.5,,31.5591,0.3,-104.0185,0.2,7.5,8.5,0.4,0.1,42,26,TXNet,earthquake,Western Texas,,,,,,,,,,33.32176366246318,4.321568208492386,2026-01-25 22:39:02
tx2026btdewh,final,2026-01-25,13:57:37,1.5,,31.5736,0.3,-104.0263,0.2,8.0,9.0,0.4,0.1,45,28,TXNet,earthquake,Western Texas,,,,,,,,,,35.37373442830859,4.293754805469437,2026-01-25 21:50:24
tx2026btamti,final,2026-01-25,12:36:08,1.7,,28.8670,1.6,-99.0240,0.9,8.1,8.3,1.5,0.2,14,11,TXNet,earthquake,Southern Texas,,,,,,,,,,59.6733913163,8.662452441805618,2026-01-27 19:38:02
tx2026bszgxa,final,2026-01-25,11:59:12,0.9,,31.5738,1.1,-102.1578,1.1,8.9,9.7,3.3,0.3,24,14,TXNet,earthquake,Western Texas,,,,,,,,,,106.22935610955572,12.627842481296097,2026-01-29 16:08:26
tx2026bsylvu,final,2026-01-25,11:36:09,1.6,,32.0676,0.4,-103.7332,0.5,7.3,8.3,0.7,0.1,34,23,TXNet,earthquake,New Mexico,,,,,,,,,,32.64488825318356,3.526168529866025,2026-01-29 21:51:25
tx2026bsymlq,final,2026-01-25,11:35:29,1.7,,31.7034,0.3,-104.1858,0.2,7.6,8.6,0.6,0.2,41,27,TXNet,earthquake,Western Texas,,,,,,,,,,32.487862967246826,6.875204154854557,2026-01-26 02:40:36
tx2026bsykhu,final,2026-01-25,11:33:06,2.1,,31.7115,0.3,-104.1759,0.3,7.3,8.4,0.6,0.1,49,34,TXNet,earthquake,Western Texas,,,,,,,,,,29.3822345720645,5.639095691417514,2026-01-25 21:04:21
tx2026bsygil,final,2026-01-25,11:28:23,1.9,,31.7084,0.3,-104.1836,0.3,7.4,8.4,0.6,0.2,54,35,TXNet,earthquake,Western Texas,,,,,,,,,,33.57973368339106,6.291370467983265,2026-01-25 23:24:31
tx2026bsyfcr,preliminary,2026-01-25,11:26:56,1.9,,31.6989,0.4,-104.1886,0.4,7.4,8.5,1.2,0.1,26,20,TXNet,earthquake,Western Texas,,,,,,,,,,22.273965271306793,7.44105126543654,2026-01-27 15:37:45
tx2026bsydlk,final,2026-01-25,11:25:08,3.4,,31.7049,0.3,-104.1784,0.3,6.0,7.0,0.8,0.1,40,27,TXNet,earthquake,Western Texas,,,,,,,,,,24.197508535944554,6.400698514290274,2026-01-25 11:39:52
tx2026bswfcn,final,2026-01-25,10:26:37,2.0,,31.6594,0.4,-104.3525,0.3,4.8,6.0,0.8,0.1,44,32,TXNet,earthquake,Western Texas,,,,,,,,,,39.710652933483814,7.33106175154817,2026-01-25 22:19:20
tx2026bsvstn,final,2026-01-25,10:12:15,2.1,,28.8769,1.9,-99.0084,0.7,8.6,8.8,1.2,0.2,18,14,TXNet,earthquake,Southern Texas,,,,,,,,,,72.201274808872,9.992019878760864,2026-01-27 19:14:05
tx2026bsufgm,final,2026-01-25,09:26:45,1.5,,31.7186,0.4,-104.5097,0.7,4.2,5.4,0.8,0.1,25,17,TXNet,earthquake,Western Texas,,,,,,,,,,47.788223039315966,1.76825302123267,2026-01-27 15:53:50
tx2026bssxil,final,2026-01-25,08:47:15,2.2,,31.7162,0.5,-104.5151,0.7,5.1,6.4,0.6,0.2,34,23,TXNet,earthquake,Western Texas,,,,,,,,,,45.424174571921675,1.2856972776768063,2026-01-26 15:00:48
tx2026bssmoz,final,2026-01-25,08:34:35,1.8,,28.8822,1.6,-99.0101,0.6,7.7,7.9,1.5,0.2,14,11,TXNet,earthquake,Southern Texas,,,,,,,,,,72.62440575870292,9.792368057969554,2026-01-27 19:41:27
tx2026bsrhka,final,2026-01-25,07:58:26,0.4,,32.1249,0.5,-102.1879,0.7,7.8,8.7,0.8,0.1,17,11,TXNet,earthquake,Western Texas,,,,,,,,,,15.630364824626824,2.043269856702721,2026-03-11 14:30:34
tx2026bsqojq,final,2026-01-25,07:36:19,1.9,,28.8605,1.8,-99.0058,0.9,7.2,7.4,1.7,0.2,20,13,TXNet,earthquake,Southern Texas,,,,,,,,,,78.41535591431393,10.567566066500746,2026-01-27 18:32:31
tx2026bsqmpm,final,2026-01-25,07:34:15,1.7,,28.8742,2.1,-99.0206,0.9,8.5,8.7,1.6,0.2,13,11,TXNet,earthquake,Southern Texas,,,,,,,,,,59.22017242030019,8.845284275511546,2026-01-27 19:30:35
tx2026bskunu,final,2026-01-25,04:42:27,0.9,,31.9334,0.3,-104.0569,0.3,5.1,6.1,0.6,0.1,19,13,TXNet,earthquake,Western Texas,,,,,,,,,,20.229841404259513,2.1618038003068625,2026-05-18 16:04:39
tx2026bskcxo,final,2026-01-25,04:21:59,1.9,,28.8657,1.3,-99.0122,0.8,8.5,8.7,1.5,0.3,23,15,TXNet,earthquake,Southern Texas,,,,,,,,,,133.23021507260492,9.822303376672481,2026-02-03 20:50:09
tx2026bsjqzu,final,2026-01-25,04:08:11,1.7,,31.6557,0.7,-104.4962,0.6,5.5,6.9,0.8,0.1,22,17,TXNet,earthquake,Western Texas,,,,,,,,,,41.28301459608981,1.500529151635131,2026-01-27 15:43:04
tx2026bshvcz,final,2026-01-25,03:12:41,0.5,,32.1039,0.4,-102.1611,0.6,7.2,8.0,0.7,0.1,28,17,TXNet,earthquake,Western Texas,,,,,,,,,,22.775990247829075,2.6208287568661826,2026-03-10 20:00:17
tx2026bsgfwp,final,2026-01-25,02:24:46,0.2,,32.0993,0.5,-102.1707,0.8,6.3,7.1,1.2,0.2,21,15,TXNet,earthquake,Western Texas,,,,,,,,,,23.550523594143037,1.9110721864930647,2026-03-11 16:44:24
tx2026bsdhbc,final,2026-01-25,00:55:36,3.5,,31.7152,0.5,-104.5226,0.8,5.6,6.9,0.6,0.1,35,27,TXNet,earthquake,Western Texas,,,,,,,,,,45.32914695453148,0.6562104388767822,2026-01-25 01:16:44
tx2026bsdfhh,final,2026-01-25,00:53:33,1.5,,31.9720,0.2,-102.0453,0.2,8.3,9.2,0.9,0.1,79,45,TXNet,earthquake,Western Texas,,,,,,,,,,39.11817338762935,4.629560965422475,2026-01-26 14:18:52
tx2026bscqzo,final,2026-01-25,00:38:07,2.2,,32.3318,0.2,-101.7098,0.2,8.0,8.8,0.5,0.1,68,42,TXNet,earthquake,Western Texas,,,,,,,,,,51.578116834971375,2.1428518707936366,2026-01-25 04:30:41
tx2026bruoyu,final,2026-01-24,20:33:14,2.3,,31.8851,0.3,-102.4172,0.3,4.7,5.6,1.0,0.1,50,33,TXNet,earthquake,Western Texas,,,,,,,,,,52.68506416675531,7.319074749645584,2026-01-25 03:27:02
tx2026brpslu,final,2026-01-24,18:06:30,1.1,,32.0059,0.4,-101.3583,0.3,9.7,10.6,1.0,0.1,39,27,TXNet,earthquake,Western Texas,,,,,,,,,,122.51002197309006,17.374730426581273,2026-01-27 21:27:16
tx2026brlzho,final,2026-01-24,16:13:40,1.0,,32.2806,0.3,-101.9285,0.2,7.7,8.6,0.7,0.1,31,20,TXNet,earthquake,Western Texas,,,,,,,,,,21.445827191606224,5.539749101670224,2026-01-27 19:02:44
tx2026brizcw,final,2026-01-24,14:42:58,0.6,,32.1506,0.3,-102.0850,0.6,7.7,8.6,1.6,0.1,24,17,TXNet,earthquake,Western Texas,,,,,,,,,,24.762040125395302,7.431090651425639,2026-03-10 20:10:30
tx2026briuxf,final,2026-01-24,14:38:02,0.9,,32.3099,0.6,-101.8427,0.6,7.3,8.1,1.0,0.1,20,15,TXNet,earthquake,Western Texas,,,,,,,,,,18.341608055227343,1.2989211970830212,2026-01-28 21:48:21
tx2026brhsss,final,2026-01-24,14:05:28,0.7,,32.3886,0.4,-101.9949,0.4,7.3,8.2,0.9,0.2,43,23,TXNet,earthquake,Western Texas,,,,,,,,,,97.29601558827083,3.1330182602584373,2026-01-27 22:09:02
tx2026brcsac,final,2026-01-24,11:33:58,1.7,,31.6722,0.5,-104.3650,0.3,4.9,6.1,0.8,0.1,29,21,TXNet,earthquake,Western Texas,,,,,,,,,,33.08725283916597,5.83889188082925,2026-01-26 03:04:42
tx2026brcdit,final,2026-01-24,11:16:59,0.8,,31.8613,0.9,-101.4976,0.9,7.6,8.4,3.5,0.1,15,13,TXNet,earthquake,Western Texas,,,,,,,,,,36.79959158503652,20.102984966772915,2026-01-28 21:27:41
tx2026bqwoyr,final,2026-01-24,08:29:06,0.5,,32.3538,0.5,-102.1000,0.7,8.5,9.4,1.1,0.2,28,17,TXNet,earthquake,Western Texas,,,,,,,,,,12.993065117881212,2.101057437898425,2026-03-11 14:08:24
tx2026bqtybo,final,2026-01-24,07:09:29,1.5,,28.8725,1.7,-98.9657,1.0,4.1,4.3,2.3,0.3,10,8,TXNet,earthquake,Southern Texas,,,,,,,,,,63.69160966370185,14.18541805838285,2026-02-04 15:43:05
tx2026bqshod,final,2026-01-24,06:20:31,1.5,,31.5274,0.4,-104.1390,0.2,6.4,7.5,0.5,0.1,53,33,TXNet,earthquake,Western Texas,,,,,,,,,,36.26972084211748,5.793151839383447,2026-01-26 16:11:25
tx2026bqqhpx,final,2026-01-24,05:19:38,1.1,,32.0035,0.3,-103.8071,0.4,7.4,8.3,0.6,0.1,23,14,TXNet,earthquake,New Mexico,,,,,,,,,,19.164872608648487,0.7793984001890665,2026-05-15 16:31:31
tx2026bqqbny,final,2026-01-24,05:12:32,1.2,,32.1304,0.5,-101.6369,0.6,7.6,8.4,0.9,0.1,20,12,TXNet,earthquake,Western Texas,,,,,,,,,,105.66792588402676,2.2847747430000087,2026-01-29 14:58:22
tx2026bqoctx,final,2026-01-24,04:17:18,1.8,,32.1066,0.2,-101.9092,0.2,8.9,9.7,0.5,0.1,52,37,TXNet,earthquake,Western Texas,,,,,,,,,,27.365977823356467,7.463862812032985,2026-01-24 21:30:01
tx2026bqmrik,final,2026-01-24,03:30:10,0.6,,31.8851,0.6,-101.7205,0.6,6.5,7.3,1.4,0.2,24,16,TXNet,earthquake,Western Texas,,,,,,,,,,57.462624069949776,4.691915263493798,2026-03-10 20:55:04
tx2026bqmnbz,final,2026-01-24,03:25:17,1.8,,31.9501,0.4,-101.4622,0.3,10.0,10.8,2.1,0.1,27,16,TXNet,earthquake,Western Texas,,,,,,,,,,40.80048676878125,24.33015492871463,2026-01-26 19:46:14
tx2026bqkzvp,final,2026-01-24,02:39:38,2.3,,28.7519,1.0,-98.8617,0.5,6.7,6.8,1.0,0.2,25,19,TXNet,earthquake,Southern Texas,,,,,,,,,,97.52887812122978,16.488230581657803,2026-01-27 16:17:13
tx2026bqkshp,final,2026-01-24,02:31:01,1.0,,32.3795,0.4,-101.9756,0.3,6.6,7.4,1.1,0.2,47,26,TXNet,earthquake,Western Texas,,,,,,,,,,88.3301283574789,3.303142637908913,2026-01-27 18:37:36
tx2026bqkord,final,2026-01-24,02:26:42,2.1,,31.8787,0.2,-101.7173,0.2,6.7,7.5,0.6,0.1,58,33,TXNet,earthquake,Western Texas,,,,,,,,,,116.17844250490221,3.931923567125722,2026-01-26 14:08:20
tx2026bqklnh,final,2026-01-24,02:23:03,0.7,,31.9510,0.9,-101.9992,1.1,8.3,9.1,2.2,0.1,15,11,TXNet,earthquake,Western Texas,,,,,,,,,,29.831963438022896,8.10665208061473,2026-03-11 15:33:12
tx2026bqgrwd,final,2026-01-24,00:29:42,1.7,,31.6762,0.4,-104.3150,0.2,5.1,6.3,1.1,0.2,43,28,TXNet,earthquake,Western Texas,,,,,,,,,,34.6936333433521,4.77133341848107,2026-01-26 16:14:47
tx2026bqdqsl,final,2026-01-23,22:57:53,0.6,,32.3849,0.4,-101.9735,0.5,4.1,4.9,1.1,0.2,27,17,TXNet,earthquake,Western Texas,,,,,,,,,,67.20268262555989,2.719267990916709,2026-01-24 02:36:37
tx2026bqahgv,final,2026-01-23,21:16:22,1.6,,31.4932,0.4,-103.8837,0.3,7.9,8.9,1.8,0.2,34,22,TXNet,earthquake,Western Texas,,,,,,,,,,30.449432197297895,13.75439576970053,2026-01-24 01:21:52
tx2026bpvpwj,final,2026-01-23,18:55:32,0.7,,32.3868,0.4,-101.9671,0.4,5.3,6.2,1.1,0.2,29,18,TXNet,earthquake,Western Texas,,,,,,,,,,25.935872518932687,2.1623672057191463,2026-01-23 20:31:56
tx2026bptpmp,final,2026-01-23,17:54:43,0.4,,32.3602,0.4,-102.0753,0.7,7.8,8.6,1.1,0.2,27,17,TXNet,earthquake,Western Texas,,,,,,,,,,24.098359434690508,5.234503839829692,2026-01-24 03:04:52
tx2026bpthup,final,2026-01-23,17:45:48,1.0,,32.3575,0.3,-102.0850,0.4,8.4,9.3,0.8,0.1,30,17,TXNet,earthquake,Western Texas,,,,,,,,,,128.99872801235767,3.385229480667178,2026-01-23 18:23:18
tx2026bpstib,final,2026-01-23,17:29:03,1.7,,31.6926,0.3,-104.1643,0.3,5.3,6.3,1.3,0.1,27,17,TXNet,earthquake,Western Texas,,,,,,,,,,16.081668473599876,7.301138867306461,2026-01-23 19:08:19
tx2026bpsoph,final,2026-01-23,17:23:29,1.7,,28.8766,0.5,-98.6224,0.7,6.1,6.2,1.4,0.2,19,10,TXNet,earthquake,Southern Texas,,,,,,,,,,96.76926362553773,10.771500595851487,2026-01-23 18:16:33
tx2026bpqytg,preliminary,2026-01-23,16:34:55,1.7,,30.9945,1.9,-103.3077,5.5,6.7,7.6,3.2,0.1,9,7,TXNet,earthquake,Western Texas,,,,,,,,,,21.737620670906615,8.47269236428597,2026-01-23 18:00:34
tx2026bpoyeh,final,2026-01-23,15:33:57,0.8,,32.1524,0.4,-102.0935,0.5,9.2,10.1,1.2,0.2,26,18,TXNet,earthquake,Western Texas,,,,,,,,,,115.77632929950497,7.35441895316131,2026-01-23 17:45:28
tx2026bpnrdv,final,2026-01-23,14:55:41,1.0,,31.0969,0.7,-103.7197,0.8,1.9,2.9,2.0,0.2,16,12,TXNet,earthquake,Western Texas,,,,,,,,,,125.66517280247288,17.217115388725166,2026-01-23 17:06:41
tx2026bpkyml,final,2026-01-23,13:33:37,1.4,,32.4252,0.2,-102.0207,0.2,8.7,9.5,0.7,0.1,52,29,TXNet,earthquake,Western Texas,,,,,,,,,,43.8671906404309,4.5083097666944845,2026-01-23 15:14:17
tx2026bpketz,final,2026-01-23,13:10:45,1.1,,32.1945,0.2,-102.1343,0.3,9.0,9.8,0.9,0.2,34,22,TXNet,earthquake,Western Texas,,,,,,,,,,170.67340153698694,7.834900559178905,2026-01-23 15:26:37
tx2026bpimpv,final,2026-01-23,12:19:30,1.2,,32.1927,0.3,-102.1364,0.4,8.7,9.6,0.8,0.1,39,28,TXNet,earthquake,Western Texas,,,,,,,,,,24.006549265918686,6.805014716562845,2026-01-23 15:00:28
tx2026bphfgi,final,2026-01-23,11:40:47,1.8,,31.6429,0.4,-104.2305,0.3,6.8,7.9,0.6,0.2,59,39,TXNet,earthquake,Western Texas,,,,,,,,,,34.88832570841038,4.567333871026997,2026-01-23 15:02:29
tx2026bpfcry,final,2026-01-23,10:37:43,1.3,,31.3303,0.8,-103.3947,0.5,4.4,5.2,1.1,0.1,14,9,TXNet,earthquake,Western Texas,,,,,,,,,,15.763113851725247,5.0654049078859895,2026-01-23 15:47:39
tx2026bpcilg,final,2026-01-23,09:14:09,1.4,,31.6358,0.4,-104.2264,0.4,6.2,7.3,0.7,0.1,43,29,TXNet,earthquake,Western Texas,,,,,,,,,,30.057708990218558,5.405468066342207,2026-01-23 14:09:26
tx2026bpbiia,final,2026-01-23,08:43:18,1.2,,32.2202,0.4,-101.4376,0.3,6.4,7.3,1.2,0.1,36,23,TXNet,earthquake,Western Texas,,,,,,,,,,44.899759652849795,3.7381392488403358,2026-01-23 15:33:58
tx2026bpbhza,final,2026-01-23,08:42:54,1.6,,31.7363,0.6,-104.2573,0.3,6.0,7.1,0.6,0.1,24,20,TXNet,earthquake,Western Texas,,,,,,,,,,21.472029148066266,2.2014235802575888,2026-01-23 14:15:12
tx2026boxnto,final,2026-01-23,06:48:56,1.5,,31.5259,0.5,-104.0208,0.4,7.7,8.7,0.8,0.1,34,28,TXNet,earthquake,Western Texas,,,,,,,,,,30.487400829330184,3.3063017326364177,2026-01-23 15:13:08
tx2026boxlnb,final,2026-01-23,06:46:20,0.6,,32.0966,0.3,-101.9424,0.5,8.3,9.1,1.3,0.2,26,20,TXNet,earthquake,Western Texas,,,,,,,,,,33.115386315374835,6.27445684164313,2026-01-23 15:19:37
tx2026boujln,final,2026-01-23,05:13:25,1.2,,32.1396,0.2,-101.9928,0.2,8.8,9.7,1.2,0.1,69,46,TXNet,earthquake,Western Texas,,,,,,,,,,32.62754749332512,2.0603515502819145,2026-01-23 13:49:08
tx2026boshvt,final,2026-01-23,04:11:17,0.3,,32.3959,0.4,-102.0378,0.4,5.7,6.6,1.4,0.2,19,12,TXNet,earthquake,Western Texas,,,,,,,,,,49.32966103506577,1.5072857160229451,2026-01-23 16:25:30
tx2026bopfds,final,2026-01-23,02:38:03,1.5,,30.9845,0.6,-103.2428,0.4,4.9,5.8,2.1,0.2,24,17,TXNet,earthquake,Western Texas,,,,,,,,,,33.8098252673796,8.789209344537138,2026-01-23 15:55:21
tx2026bokwea,final,2026-01-23,00:26:38,2.0,,31.6500,0.8,-104.4520,0.6,7.1,8.4,0.8,0.1,26,21,TXNet,earthquake,Western Texas,,,,,,,,,,37.95448370402364,2.0129665805574244,2026-01-23 14:18:45
tx2026bojphf,final,2026-01-22,23:48:18,0.7,,32.3383,0.6,-101.5437,0.3,4.3,5.1,0.8,0.1,19,12,TXNet,earthquake,Western Texas,,,,,,,,,,43.66121221873952,1.9104454118755463,2026-01-23 16:57:35
tx2026bojgmm,final,2026-01-22,23:38:28,1.1,,32.1423,0.2,-101.9917,0.2,9.1,9.9,0.8,0.1,51,42,TXNet,earthquake,Western Texas,,,,,,,,,,31.62761949910195,1.8636560904712003,2026-01-23 14:37:42
tx2026boitsj,final,2026-01-22,23:23:22,1.8,,32.0187,0.3,-101.3583,0.3,3.3,4.1,3.7,0.1,29,23,TXNet,earthquake,Western Texas,,,,,,,,,,52.538702145636215,24.761174585104918,2026-01-23 00:23:22
tx2026bogvoa,final,2026-01-22,22:25:03,0.9,,32.1149,0.3,-101.8738,0.2,8.9,9.8,1.2,0.2,33,22,TXNet,earthquake,Western Texas,,,,,,,,,,34.81696813150391,8.964483323871654,2026-01-23 15:33:22
tx2026bofaml,final,2026-01-22,21:30:49,1.6,,31.6139,0.3,-104.1956,0.3,6.1,7.2,0.6,0.2,50,33,TXNet,earthquake,Western Texas,,,,,,,,,,33.94577469132444,7.716766693279534,2026-01-22 22:49:35
tx2026boddmg,final,2026-01-22,20:33:33,1.1,,32.8729,0.7,-100.5662,1.1,9.6,10.2,2.5,0.1,12,8,TXNet,earthquake,Western Texas,,,,,,,,,,65.14279309314986,8.062486998244415,2026-01-23 15:58:26
tx2026bodbhb,final,2026-01-22,20:31:01,1.5,,32.1176,0.5,-101.0474,0.6,5.9,6.6,2.1,0.1,23,17,TXNet,earthquake,Western Texas,,,,,,,,,,69.46262980836518,23.795632564938014,2026-01-23 15:40:36
tx2026bnyzll,final,2026-01-22,18:28:27,1.8,,31.6675,0.5,-104.3768,0.3,7.1,8.3,0.7,0.1,31,26,TXNet,earthquake,Western Texas,,,,,,,,,,34.43915900802498,4.863149529301714,2026-01-22 20:04:49
tx2026bnxpzw,final,2026-01-22,17:47:01,2.2,,28.9079,1.6,-99.0001,0.8,8.9,9.1,1.7,0.2,14,11,TXNet,earthquake,Southern Texas,,,,,,,,,,65.1130478081474,11.060114204894484,2026-01-22 20:08:08
tx2026bnvhba,final,2026-01-22,16:36:19,1.2,,31.9806,0.5,-103.3107,0.7,6.2,7.0,0.7,0.1,17,11,TXNet,earthquake,Western Texas,,,,,,,,,,73.5181781818388,4.882790909349242,2026-01-23 16:15:30
tx2026bnrjyl,final,2026-01-22,14:39:06,1.5,,31.5777,0.3,-104.0317,0.3,7.7,8.7,0.5,0.1,28,17,TXNet,earthquake,Western Texas,,,,,,,,,,17.82666808285251,3.6980412168215824,2026-01-22 17:02:51
tx2026bnpqfb,final,2026-01-22,13:46:19,0.8,,32.4362,0.4,-102.0721,0.4,8.8,9.7,1.1,0.2,31,22,TXNet,earthquake,Western Texas,,,,,,,,,,190.64944547611867,4.821503502067698,2026-01-22 16:45:42
tx2026bnpdlp,final,2026-01-22,13:31:08,2.0,,28.8656,1.1,-99.0011,1.0,8.8,9.0,1.9,0.2,14,12,TXNet,earthquake,Southern Texas,,,,,,,,,,57.489775860216334,10.881135536768209,2026-01-22 16:33:23
tx2026bnmqfc,preliminary,2026-01-22,12:15:24,1.8,,28.8510,2.2,-98.9865,1.3,10.4,10.6,2.3,0.2,11,9,TXNet,earthquake,Southern Texas,,,,,,,,,,52.71156943906183,12.669228512644207,2026-01-23 18:41:27
tx2026bnlibu,preliminary,2026-01-22,11:38:44,1.1,,31.9510,0.3,-101.4676,0.3,11.0,11.8,1.7,0.1,23,16,TXNet,earthquake,Western Texas,,,,,,,,,,52.21332262202708,23.984707284651535,2026-01-22 15:37:32
tx2026bnlbho,final,2026-01-22,11:28:02,0.9,,32.1030,0.2,-101.9049,0.2,8.2,9.0,0.9,0.2,58,36,TXNet,earthquake,Western Texas,,,,,,,,,,35.45075076402037,8.031616333803704,2026-01-22 14:29:06
tx2026bnjjvc,final,2026-01-22,10:37:27,1.2,,31.0186,0.5,-103.6647,0.6,8.3,9.2,2.1,0.2,18,16,TXNet,earthquake,Western Texas,,,,,,,,,,41.097835853898275,13.888472391720686,2026-01-22 16:15:07
tx2026bnihph,final,2026-01-22,10:04:44,2.8,,32.1964,0.1,-102.1300,0.2,8.5,9.3,0.5,0.1,90,50,TXNet,earthquake,Western Texas,,,,,,,,,,39.42366294163546,6.209530206256423,2026-01-22 12:34:13
tx2026bngnkp,final,2026-01-22,09:11:07,2.4,,31.1704,0.5,-103.0484,0.6,2.6,3.4,1.0,0.2,26,20,TXNet,earthquake,Western Texas,,,,,,,,,,19.131029040311926,6.049837245349961,2026-01-22 14:09:20
tx2026bnegid,final,2026-01-22,08:02:29,1.5,,31.9838,0.4,-103.3031,0.5,5.9,6.8,0.5,0.2,30,18,TXNet,earthquake,Western Texas,,,,,,,,,,147.12314731901105,5.472779091375407,2026-01-22 16:18:41
tx2026bndjxf,final,2026-01-22,07:36:32,2.5,,31.1573,0.5,-103.0235,0.7,3.7,4.5,1.2,0.2,32,25,TXNet,earthquake,Western Texas,,,,,,,,,,32.20433188110227,6.26264822263757,2026-01-22 15:06:03
tx2026bncqfn,final,2026-01-22,07:13:41,1.2,,31.9780,0.3,-103.3061,0.6,6.3,7.2,0.8,0.2,25,15,TXNet,earthquake,Western Texas,,,,,,,,,,37.754585398965936,5.385365001264285,2026-01-22 16:00:10
tx2026bncauf,final,2026-01-22,06:55:47,0.7,,32.1066,0.3,-101.8985,0.3,9.4,10.3,1.1,0.2,35,25,TXNet,earthquake,Western Texas,,,,,,,,,,75.87122584873323,8.294113470767188,2026-01-22 15:25:16
tx2026bnbsip,final,2026-01-22,06:46:01,1.4,,32.1048,0.2,-101.9092,0.1,9.3,10.1,0.6,0.1,98,57,TXNet,earthquake,Western Texas,,,,,,,,,,38.67929931114384,7.587630401544034,2026-01-22 13:10:18
tx2026bnbovc,final,2026-01-22,06:41:53,1.2,,32.1048,0.2,-101.9092,0.2,9.1,9.9,0.7,0.1,91,52,TXNet,earthquake,Western Texas,,,,,,,,,,37.3617900759761,7.587630401544034,2026-01-22 13:42:06
tx2026bnbjvr,final,2026-01-22,06:36:07,0.5,,32.0975,0.4,-101.9027,0.4,8.5,9.3,1.6,0.1,19,11,TXNet,earthquake,Western Texas,,,,,,,,,,49.28836979188812,13.521868900076283,2026-01-22 16:52:44
tx2026bnbczf,final,2026-01-22,06:28:09,0.5,,31.8906,0.4,-101.7227,0.5,7.9,8.7,0.8,0.1,18,14,TXNet,earthquake,Western Texas,,,,,,,,,,56.35120034191156,5.332833312105843,2026-01-22 15:20:34
tx2026bmymee,final,2026-01-22,05:08:21,1.1,,31.8887,0.4,-101.7227,0.6,7.8,8.6,0.8,0.2,25,16,TXNet,earthquake,Western Texas,,,,,,,,,,154.73604748923933,5.135113959315225,2026-01-22 15:27:14
tx2026bmwnrr,final,2026-01-22,04:09:44,1.5,,31.6534,0.6,-104.4908,0.5,6.1,7.4,0.6,0.2,38,22,TXNet,earthquake,Western Texas,,,,,,,,,,70.45855077198213,1.9349577507497655,2026-01-22 14:49:21
tx2026bmwkeb,final,2026-01-22,04:05:41,1.6,,31.6101,0.3,-104.1111,0.2,5.7,6.7,0.4,0.1,39,29,TXNet,earthquake,Western Texas,,,,,,,,,,25.91691848182872,3.8166435529701968,2026-01-22 14:01:29
tx2026bmvfvc,final,2026-01-22,03:30:26,1.1,,32.1048,0.2,-101.9199,0.2,9.4,10.2,0.7,0.1,86,50,TXNet,earthquake,Western Texas,,,,,,,,,,39.60445689562593,6.821021360043148,2026-01-22 14:04:06
tx2026bmqigx,final,2026-01-22,01:02:24,1.4,,32.2623,0.5,-101.1739,0.6,8.4,9.1,1.4,0.2,30,20,TXNet,earthquake,Western Texas,,,,,,,,,,149.1026209785117,12.879962764312946,2026-01-22 16:00:38
tx2026bmqceu,final,2026-01-22,00:55:20,1.6,,31.9913,0.8,-101.3475,0.6,8.8,9.6,2.3,0.1,38,32,TXNet,earthquake,Western Texas,,,,,,,,,,51.33594768624686,18.87509542814085,2026-01-22 13:41:49
tx2026bmptzj,final,2026-01-22,00:45:49,1.5,,32.1432,0.4,-101.0796,0.4,4.4,5.1,2.3,0.1,40,28,TXNet,earthquake,Western Texas,,,,,,,,,,71.11224503017439,23.7150306550444,2026-01-22 14:25:02
tx2026bmonps,final,2026-01-22,00:08:15,1.5,,28.8194,1.3,-99.0370,0.8,7.9,8.1,1.4,0.2,12,9,TXNet,earthquake,Southern Texas,,,,,,,,,,72.59948510266182,10.230839407855454,2026-02-03 22:08:39
tx2026bmnsra,final,2026-01-21,23:45:08,0.5,,31.7203,0.3,-103.9907,0.3,6.2,7.2,0.5,0.1,27,18,TXNet,earthquake,Western Texas,,,,,,,,,,26.531444956522925,4.001842502278622,2026-01-22 16:28:55
tx2026bmnhkk,final,2026-01-21,23:30:53,1.8,,31.6349,0.5,-104.2958,0.3,5.3,6.5,1.6,0.1,28,24,TXNet,earthquake,Western Texas,,,,,,,,,,24.888128537251152,5.023722375728577,2026-01-22 14:31:24
tx2026bmmaac,final,2026-01-21,22:52:32,2.3,,30.9380,0.5,-103.6030,0.4,8.8,9.7,1.7,0.2,19,15,TXNet,earthquake,Western Texas,,,,,,,,,,39.42316732003325,17.02194687311879,2026-01-22 15:10:08
tx2026bmjzdu,final,2026-01-21,21:50:39,1.5,,32.0975,0.3,-101.4826,0.3,8.7,9.5,0.8,0.1,45,29,TXNet,earthquake,Western Texas,,,,,,,,,,46.02491557812776,8.777557703200664,2026-01-22 13:49:26
tx2026bmjtvk,final,2026-01-21,21:44:36,1.9,,28.8489,2.4,-99.0013,1.1,8.7,8.9,3.5,0.3,17,14,TXNet,earthquake,Southern Texas,,,,,,,,,,67.97791954791087,11.376561826108974,2026-01-22 17:08:33
tx2026bmfmef,final,2026-01-21,19:35:13,0.7,,32.1341,0.3,-101.9928,0.4,5.8,6.6,0.7,0.1,41,27,TXNet,earthquake,Western Texas,,,,,,,,,,33.37724097919115,2.367150905407628,2026-01-22 15:47:23
tx2026bmefwb,final,2026-01-21,18:57:34,0.8,,32.3849,0.5,-101.9756,0.4,5.7,6.6,1.6,0.3,29,18,TXNet,earthquake,Western Texas,,,,,,,,,,61.44787434661088,2.866853593426571,2026-01-22 15:09:35
tx2026bmdlfw,final,2026-01-21,18:33:34,1.7,,28.8644,1.8,-99.0226,1.1,8.9,9.1,1.7,0.2,16,14,TXNet,earthquake,Southern Texas,,,,,,,,,,76.86674667012387,8.872133818809726,2026-01-22 17:58:48
tx2026bmcyml,final,2026-01-21,18:18:45,2.0,,28.3915,1.0,-98.7607,0.9,4.8,4.9,1.6,0.3,23,14,TXNet,earthquake,Southern Texas,,,,,,,,,,147.9364421076411,38.44132503847116,2026-01-22 15:32:26
tx2026bmcdmu,final,2026-01-21,17:54:47,1.7,,31.6515,0.7,-104.4353,0.5,6.8,8.0,0.7,0.2,29,21,TXNet,earthquake,Western Texas,,,,,,,,,,36.37585522172685,0.606851516189789,2026-01-21 19:39:22
tx2026bmbfpf,final,2026-01-21,17:26:44,1.6,,32.1249,0.2,-102.0271,0.2,8.4,9.2,0.8,0.1,68,41,TXNet,earthquake,Western Texas,,,,,,,,,,34.11916598540166,5.674751003255474,2026-01-21 17:34:09
tx2026blzcmk,final,2026-01-21,16:22:45,1.2,,32.0975,0.3,-101.4869,0.3,8.2,9.0,1.0,0.1,33,20,TXNet,earthquake,Western Texas,,,,,,,,,,135.0888744470407,8.840694402527525,2026-01-22 15:30:10
tx2026blsuby,final,2026-01-21,13:11:56,1.9,,28.6435,0.9,-99.2170,0.8,7.0,7.2,1.7,0.2,15,11,TXNet,earthquake,Southern Texas,,,,,,,,,,72.06853881262471,28.821525667648594,2026-01-22 15:20:28
tx2026blrpgh,final,2026-01-21,12:35:52,2.1,,31.6694,0.7,-104.3682,0.5,6.9,8.1,1.0,0.1,24,17,TXNet,earthquake,Western Texas,,,,,,,,,,28.595354749982754,5.597697704092584,2026-01-21 19:44:34
tx2026blrops,final,2026-01-21,12:35:26,1.8,,31.6727,0.6,-104.3537,0.4,6.1,7.3,0.9,0.2,37,26,TXNet,earthquake,Western Texas,,,,,,,,,,32.37695428229296,6.891119363837235,2026-01-21 15:47:28
tx2026blrnim,final,2026-01-21,12:34:25,2.1,,31.6709,0.5,-104.3591,0.3,5.9,7.1,0.7,0.2,45,28,TXNet,earthquake,Western Texas,,,,,,,,,,37.58478706702457,6.417609786771132,2026-01-21 14:16:04
tx2026blrhfm,final,2026-01-21,12:30:54,2.8,,31.6672,1.0,-104.3633,0.4,8.8,10.0,1.2,0.2,23,21,TXNet,earthquake,Western Texas,,,,,,,,,,28.312605909108566,6.104029209988388,2026-01-21 13:58:21
tx2026blrkqz,final,2026-01-21,12:30:48,2.5,,31.6626,0.6,-104.3595,0.4,6.7,7.8,0.9,0.2,43,29,TXNet,earthquake,Western Texas,,,,,,,,,,39.175974656459296,6.588931999216771,2026-01-21 13:42:05
tx2026blrhhd,final,2026-01-21,12:26:59,1.6,,31.6681,0.7,-104.3574,0.4,6.1,7.3,1.1,0.2,42,27,TXNet,earthquake,Western Texas,,,,,,,,,,37.379030544248636,6.626638101015421,2026-01-21 14:30:35
tx2026blrdxi,final,2026-01-21,12:23:03,3.2,,31.6672,0.6,-104.3574,0.4,6.7,7.8,1.1,0.1,35,32,TXNet,earthquake,Western Texas,,,,,,,,,,32.3149640785196,6.649086577968586,2026-01-21 12:42:53
tx2026blqytz,final,2026-01-21,12:20:14,3.0,,31.6679,0.7,-104.3609,0.4,6.5,7.7,1.1,0.1,30,29,TXNet,earthquake,Western Texas,,,,,,,,,,29.100766714008646,6.308825770253511,2026-01-21 12:34:04
tx2026bloavo,final,2026-01-21,10:51:55,2.1,,31.6961,0.5,-104.4422,0.7,5.7,7.0,0.5,0.2,37,21,TXNet,earthquake,Western Texas,,,,,,,,,,38.37069973728121,2.337865565259597,2026-01-21 14:23:22
tx2026blnhaf,final,2026-01-21,10:25:57,1.5,,31.6575,0.5,-104.3953,0.5,5.9,7.1,1.2,0.2,39,25,TXNet,earthquake,Western Texas,,,,,,,,,,36.18255926036196,3.484714471726471,2026-01-21 14:36:55
tx2026blllyf,final,2026-01-21,09:34:37,0.9,,31.9968,0.2,-102.0056,0.3,6.3,7.2,0.7,0.2,60,36,TXNet,earthquake,Western Texas,,,,,,,,,,36.12962554709777,4.4749111889252955,2026-01-21 14:49:59
tx2026blkqov,final,2026-01-21,09:06:30,1.9,,28.8666,1.2,-99.0178,0.7,7.7,7.9,1.2,0.3,21,15,TXNet,earthquake,Southern Texas,,,,,,,,,,83.69544986729761,9.265445558421012,2026-01-21 15:25:57
tx2026blkesk,final,2026-01-21,08:52:47,0.6,,31.9894,0.6,-101.9906,0.6,6.4,7.3,0.9,0.2,33,24,TXNet,earthquake,Western Texas,,,,,,,,,,81.96636514261685,5.534986339111878,2026-01-21 15:54:06
tx2026blkahm,final,2026-01-21,08:47:37,1.3,,31.9949,0.2,-102.0035,0.2,9.8,10.7,1.0,0.1,76,48,TXNet,earthquake,Western Texas,,,,,,,,,,36.05933879703823,4.6927790207300175,2026-01-21 13:41:59
tx2026bljbsq,final,2026-01-21,08:19:09,0.9,,31.9254,0.3,-101.7784,0.6,7.8,8.6,1.5,0.1,23,18,TXNet,earthquake,Western Texas,,,,,,,,,,41.24070327492897,6.195501525471837,2026-01-21 15:04:01
tx2026blgrii,preliminary,2026-01-21,07:06:40,1.9,,28.8510,0.9,-99.0205,0.6,11.8,12.0,1.2,0.4,19,12,TXNet,earthquake,Southern Texas,,,,,,,,,,131.9344476915837,9.556906075840446,2026-01-21 17:15:19
tx2026blgmvj,final,2026-01-21,07:01:28,1.7,,28.8385,1.3,-99.0137,0.9,9.3,9.5,1.3,0.3,25,18,TXNet,earthquake,Southern Texas,,,,,,,,,,81.10864298875866,10.76022036420983,2026-01-21 17:41:14
tx2026bldxbj,final,2026-01-21,05:42:50,1.7,,28.8519,1.3,-99.0178,0.7,5.9,6.1,1.4,0.2,20,15,TXNet,earthquake,Southern Texas,,,,,,,,,,79.56542730238964,9.75970914600208,2026-01-21 17:06:40
tx2026blddwi,final,2026-01-21,05:20:36,2.3,,28.3890,1.2,-98.7660,1.0,9.3,9.4,2.2,0.3,19,17,TXNet,earthquake,Southern Texas,,,,,,,,,,64.66290277394164,36.855085903191544,2026-01-21 15:15:43
tx2026blcjtt,final,2026-01-21,04:57:14,1.1,,32.1249,0.4,-101.6348,0.4,8.5,9.2,0.8,0.1,37,23,TXNet,earthquake,Western Texas,,,,,,,,,,142.1588053669875,1.7193566059850973,2026-01-21 14:54:34
tx2026blbxsv,final,2026-01-21,04:43:17,2.1,,31.5692,0.3,-104.0150,0.2,7.1,8.1,0.4,0.2,56,37,TXNet,earthquake,Western Texas,,,,,,,,,,35.44662868569207,5.323167346437301,2026-01-21 14:08:25
tx2026blawvt,final,2026-01-21,04:12:02,2.1,,28.6385,1.0,-99.2289,0.7,3.2,3.4,1.6,0.3,20,16,TXNet,earthquake,Southern Texas,,,,,,,,,,99.0525830522993,29.778101866277876,2026-01-21 17:53:32
tx2026blajdq,final,2026-01-21,03:56:09,1.7,,28.8674,1.3,-99.0350,0.5,7.4,7.6,0.8,0.2,20,15,TXNet,earthquake,Southern Texas,,,,,,,,,,82.05009977189003,7.612382721670786,2026-01-21 15:44:18
tx2026bkvgzv,final,2026-01-21,01:22:49,1.9,,28.8782,1.7,-99.0050,0.8,8.0,8.2,1.8,0.2,13,8,TXNet,earthquake,Southern Texas,,,,,,,,,,66.87113007604654,10.312685261198956,2026-01-21 15:45:12
tx2026bkuqey,final,2026-01-21,01:03:30,0.8,,32.0792,0.3,-101.6026,0.4,8.7,9.4,1.2,0.1,29,17,TXNet,earthquake,Western Texas,,,,,,,,,,48.50555235047658,4.880378712254014,2026-01-21 15:35:30
tx2026bkujkf,final,2026-01-21,00:55:24,2.2,,28.3683,1.2,-98.7748,0.9,5.8,5.9,1.4,0.3,23,14,TXNet,earthquake,Southern Texas,,,,,,,,,,126.10114139929485,38.3396778018074,2026-01-21 15:38:46
tx2026bksshu,final,2026-01-21,00:05:25,2.0,,28.6751,1.3,-99.2157,0.8,8.5,8.7,2.3,0.3,18,16,TXNet,earthquake,Southern Texas,,,,,,,,,,71.38201202069979,25.516687800564412,2026-01-21 15:22:56
tx2026bksmtf,final,2026-01-20,23:58:58,2.2,,28.7209,1.2,-99.2744,0.6,5.0,5.2,1.4,0.3,20,15,TXNet,earthquake,Southern Texas,,,,,,,,,,87.22597496387665,24.27646441945408,2026-02-04 15:19:05
tx2026bkqiwc,final,2026-01-20,22:54:08,0.6,,32.2659,0.4,-101.9370,0.3,6.3,7.2,0.6,0.1,23,14,TXNet,earthquake,Western Texas,,,,,,,,,,38.799115114972366,4.845884737060459,2026-01-21 14:58:02
tx2026bkocbq,final,2026-01-20,21:45:55,0.6,,32.4179,0.4,-102.1214,0.5,6.1,7.0,0.8,0.2,30,20,TXNet,earthquake,Western Texas,,,,,,,,,,41.399857182840336,0.40609089601303944,2026-01-21 15:55:56
tx2026bknnwq,final,2026-01-20,21:32:50,1.1,,32.1039,0.2,-101.9295,0.2,9.7,10.5,0.6,0.1,63,39,TXNet,earthquake,Western Texas,,,,,,,,,,32.698935444416364,6.268136850508717,2026-01-21 13:59:46
tx2026bknhec,final,2026-01-20,21:21:39,1.6,,31.5330,0.5,-103.7355,0.5,5.5,6.4,2.5,0.2,41,25,TXNet,earthquake,Western Texas,,,,,,,,,,38.14687962283512,10.729548866897199,2026-01-20 22:40:13
tx2026bjyzzk,final,2026-01-20,14:10:56,2.3,,28.3771,0.9,-98.7439,0.8,5.6,5.7,1.5,0.2,25,18,TXNet,earthquake,Southern Texas,,,,,,,,,,77.18842436936251,36.655566292257966,2026-01-21 21:28:48
tx2026bjveic,final,2026-01-20,12:15:15,1.6,,28.8807,1.4,-99.0323,0.8,9.4,9.5,1.3,0.3,20,12,TXNet,earthquake,Southern Texas,,,,,,,,,,131.94465379775588,7.638671632190305,2026-02-13 19:29:38
tx2026bjulww,final,2026-01-20,11:57:23,0.5,,32.3575,0.4,-102.1686,0.4,7.0,7.9,0.6,0.1,27,16,TXNet,earthquake,Western Texas,,,,,,,,,,129.51222116397972,4.0594219472799145,2026-01-20 21:09:10
tx2026bjtogx,final,2026-01-20,11:26:35,0.4,,32.3611,0.4,-102.1707,0.5,7.8,8.7,0.6,0.1,24,16,TXNet,earthquake,Western Texas,,,,,,,,,,41.823393626829784,3.6726582782420545,2026-01-21 17:45:51
tx2026bjqlfp,final,2026-01-20,09:52:23,1.7,,28.9558,1.3,-98.9661,0.9,6.0,6.2,1.8,0.2,16,10,TXNet,earthquake,Southern Texas,,,,,,,,,,70.7275786119922,16.126496820812353,2026-01-21 21:10:15
tx2026bjqcqr,final,2026-01-20,09:42:44,1.3,,32.0938,0.7,-101.2575,0.7,7.6,8.4,2.2,0.2,25,13,TXNet,earthquake,Western Texas,,,,,,,,,,130.89033383785417,10.115336695705187,2026-01-20 21:42:41
tx2026bjlbrj,final,2026-01-20,07:10:28,1.2,,30.9210,0.6,-103.3432,0.8,3.8,4.7,1.1,0.1,15,10,TXNet,earthquake,Western Texas,,,,,,,,,,30.431285064235023,1.76764490467702,2026-01-22 21:36:48
tx2026bjjdut,final,2026-01-20,06:12:34,0.6,,32.1011,0.6,-102.1557,0.8,6.2,7.1,1.2,0.2,26,16,TXNet,earthquake,Western Texas,,,,,,,,,,53.063066365245305,2.600584782659392,2026-01-20 19:51:35
tx2026bjhfla,final,2026-01-20,05:14:06,1.8,,28.8601,1.7,-98.9971,0.9,4.2,4.3,2.2,0.3,19,13,TXNet,earthquake,Southern Texas,,,,,,,,,,134.42047136534484,11.400433778144532,2026-02-13 19:36:18
tx2026bjgtao,final,2026-01-20,04:59:45,0.4,,32.1030,0.5,-102.1428,0.8,4.9,5.7,1.2,0.2,28,18,TXNet,earthquake,Western Texas,,,,,,,,,,42.09028334757277,3.5791195407043674,2026-01-21 17:42:03
tx2026bjgjvz,final,2026-01-20,04:49:05,0.5,,32.2696,0.5,-101.9199,0.3,8.0,8.8,0.7,0.1,20,13,TXNet,earthquake,Western Texas,,,,,,,,,,40.0904942386114,3.7532498831033267,2026-01-21 17:57:17
tx2026bjgamh,final,2026-01-20,04:38:12,1.6,,30.9405,0.7,-103.6112,0.4,7.5,8.4,1.6,0.1,22,16,TXNet,earthquake,Western Texas,,,,,,,,,,39.95046482554635,16.22313260506367,2026-01-22 21:42:17
tx2026bjfuvz,final,2026-01-20,04:31:39,1.6,,28.3758,0.8,-98.7653,0.9,5.6,5.7,2.2,0.3,14,9,TXNet,earthquake,Southern Texas,,,,,,,,,,137.8271879756559,40.072017125991636,2026-01-21 19:00:00
tx2026bjatin,final,2026-01-20,01:59:02,1.8,,28.8659,1.6,-99.0323,0.5,8.8,9.0,1.0,0.2,14,11,TXNet,earthquake,Southern Texas,,,,,,,,,,77.64025050814521,7.907406995709405,2026-05-14 16:45:53
tx2026bivjtw,final,2026-01-19,23:17:06,1.5,,28.8686,1.2,-99.0064,0.9,8.9,9.1,1.8,0.3,15,10,TXNet,earthquake,Southern Texas,,,,,,,,,,135.92043000197202,10.30592287994885,2026-01-30 20:29:21
tx2026biulxc,final,2026-01-19,22:49:24,2.1,,28.3860,1.0,-98.7374,1.2,7.4,7.5,1.7,0.3,20,11,TXNet,earthquake,Southern Texas,,,,,,,,,,147.20823063307233,40.59493321478304,2026-01-21 18:13:32
tx2026bitrfp,preliminary,2026-01-19,22:25:23,1.8,,28.8932,2.9,-99.0114,1.1,8.5,8.6,2.3,0.3,11,8,TXNet,earthquake,Southern Texas,,,,,,,,,,84.80267501874339,9.697343925884855,2026-01-22 17:24:51
tx2026birwhs,final,2026-01-19,21:30:57,1.5,,31.6708,0.8,-104.3774,0.3,7.3,8.5,1.0,0.2,31,17,TXNet,earthquake,Western Texas,,,,,,,,,,64.6674044387788,4.718553002143006,2026-02-17 04:30:03
tx2026biisyx,final,2026-01-19,16:55:32,1.7,,32.2760,0.3,-101.1064,0.6,8.9,9.6,1.4,0.1,28,17,TXNet,earthquake,Western Texas,,,,,,,,,,142.64481070078392,16.704629327055557,2026-01-20 20:07:43
tx2026biihno,final,2026-01-19,16:42:15,2.4,,28.8619,1.5,-99.0079,0.7,8.7,8.8,1.0,0.3,29,21,TXNet,earthquake,Southern Texas,,,,,,,,,,99.8915462246694,10.328755083668044,2026-01-20 19:56:01
tx2026bigwhw,final,2026-01-19,16:00:42,1.5,,31.5245,0.6,-104.0176,0.5,7.1,8.1,0.7,0.1,30,22,TXNet,earthquake,Western Texas,,,,,,,,,,28.59659826343649,3.645008981573785,2026-01-21 20:51:10
tx2026bigirb,final,2026-01-19,15:45:53,2.8,,31.5375,0.4,-104.0132,0.3,6.8,7.8,0.6,0.1,50,28,TXNet,earthquake,Western Texas,,,,,,,,,,32.53536008163214,3.88333474642124,2026-01-21 00:07:07
tx2026bidmrb,final,2026-01-19,14:17:20,2.2,,28.8715,1.2,-99.0076,0.6,8.5,8.7,0.9,0.3,31,25,TXNet,earthquake,Southern Texas,,,,,,,,,,99.98262253615218,10.135907896746199,2026-01-20 22:24:53
tx2026bidjpx,final,2026-01-19,14:13:50,1.1,,32.0938,0.3,-101.4869,0.3,9.1,9.9,0.9,0.1,21,12,TXNet,earthquake,Western Texas,,,,,,,,,,134.69506930070912,9.334869923213743,2026-01-21 18:09:02
tx2026bidiut,final,2026-01-19,14:12:46,1.3,,32.0581,0.8,-101.3272,0.7,8.8,9.6,1.6,0.2,22,15,TXNet,earthquake,Western Texas,,,,,,,,,,170.25572491716076,11.381258108104458,2026-01-21 17:53:24
tx2026bicmjk,preliminary,2026-01-19,13:46:54,1.7,,28.8693,2.0,-99.0140,1.0,8.6,8.8,1.8,0.3,10,6,TXNet,earthquake,Southern Texas,,,,,,,,,,55.09357562949191,9.567561086453706,2026-01-21 20:31:23
tx2026bibdwq,final,2026-01-19,13:06:48,1.6,,28.8733,1.6,-99.0223,0.8,7.6,7.8,1.2,0.3,12,9,TXNet,earthquake,Southern Texas,,,,,,,,,,77.1689323683921,8.697003320251556,2026-01-21 19:53:27
tx2026bhxdeu,final,2026-01-19,11:05:18,1.5,,28.8642,1.9,-99.0243,0.7,7.5,7.7,1.9,0.2,13,12,TXNet,earthquake,Southern Texas,,,,,,,,,,124.02640078862541,8.71474332769596,2026-02-02 17:58:00
tx2026bhwlsb,final,2026-01-19,10:45:03,1.4,,31.9087,0.2,-103.4317,0.3,5.7,6.6,0.5,0.1,19,13,TXNet,earthquake,Western Texas,,,,,,,,,,37.85976052973168,2.117805031994639,2026-01-20 19:59:49
tx2026bhrezw,final,2026-01-19,08:06:23,1.7,,28.8797,1.9,-99.0328,0.8,6.8,7.0,1.5,0.4,20,15,TXNet,earthquake,Southern Texas,,,,,,,,,,131.86168635623645,7.598732695926179,2026-01-30 20:09:59
tx2026bhjwvc,final,2026-01-19,04:25:43,0.6,,32.3831,0.4,-101.9735,0.4,6.3,7.1,1.0,0.2,28,17,TXNet,earthquake,Western Texas,,,,,,,,,,36.2376469549618,2.8650991247483786,2026-01-22 15:50:11
tx2026bhgtfl,final,2026-01-19,02:51:23,1.5,,31.5291,0.5,-104.0246,0.4,7.1,8.1,0.6,0.1,36,26,TXNet,earthquake,Western Texas,,,,,,,,,,30.052989913168314,2.8659632106573762,2026-01-21 20:47:32
tx2026bhdwzv,final,2026-01-19,01:25:01,1.5,,31.0076,0.5,-103.6102,1.9,5.5,6.4,2.5,0.1,12,9,TXNet,earthquake,Western Texas,,,,,,,,,,28.95386810890706,12.499007299673705,2026-01-20 21:23:05
tx2026bgqnmm,preliminary,2026-01-18,18:41:36,1.3,,31.2226,1.6,-103.4185,0.6,12.7,13.5,3.2,0.1,13,7,TXNet,earthquake,Western Texas,,,,,,,,,,19.22794853648326,7.220956124338856,2026-01-20 20:24:05
tx2026bgpgvi,preliminary,2026-01-18,18:03:49,1.5,,31.1642,0.2,-103.4522,0.2,-0.8,0.0,0.3,0.1,14,12,TXNet,earthquake,Western Texas,,,,,,,,,,17.86283167019269,3.971397304676771,2026-01-20 19:43:01
tx2026bgoktk,preliminary,2026-01-18,17:38:05,1.5,,32.0132,0.4,-101.3475,0.3,10.8,11.6,1.0,0.1,25,17,TXNet,earthquake,Western Texas,,,,,,,,,,46.625662277260375,16.441793737076054,2026-01-20 19:28:26
tx2026bgdovn,final,2026-01-18,12:10:56,1.4,,32.3685,0.7,-101.0774,0.8,5.2,5.9,2.6,0.1,14,9,TXNet,earthquake,Western Texas,,,,,,,,,,50.704615681185466,16.596353111251847,2026-01-29 17:35:51
tx2026bgdenc,preliminary,2026-01-18,11:58:56,1.8,,28.8509,2.1,-99.0308,0.8,7.9,8.1,1.7,0.2,12,10,TXNet,earthquake,Southern Texas,,,,,,,,,,68.59912093757916,8.64379854788009,2026-01-21 16:03:11
tx2026bgczdd,final,2026-01-18,11:52:48,1.2,,32.0219,0.3,-103.7733,0.3,6.3,7.3,0.6,0.0,14,7,TXNet,earthquake,New Mexico,,,,,,,,,,11.279927454473839,3.7515002938613766,2026-01-20 20:19:10
tx2026bgcuhz,final,2026-01-18,11:47:06,1.7,,31.2165,0.5,-103.4868,0.4,5.8,6.6,0.9,0.2,20,13,TXNet,earthquake,Western Texas,,,,,,,,,,13.725571267592388,5.199603442595716,2026-01-22 21:32:31
tx2026bgbugi,final,2026-01-18,11:16:52,0.4,,32.3978,0.7,-102.0592,0.7,8.7,9.6,1.1,0.2,22,15,TXNet,earthquake,Western Texas,,,,,,,,,,17.161970113678915,3.246531832594807,2026-03-10 19:24:46
tx2026bgbpzx,final,2026-01-18,11:11:56,1.1,,31.8773,0.4,-103.9492,0.6,6.4,7.3,1.7,0.3,34,23,TXNet,earthquake,Western Texas,,,,,,,,,,156.34624427157686,6.289253878067761,2026-01-20 19:16:21
tx2026bgamdx,final,2026-01-18,10:37:10,1.1,,32.0034,0.2,-103.8154,0.4,6.6,7.5,0.6,0.3,24,15,TXNet,earthquake,New Mexico,,,,,,,,,,56.83779970288564,1.413382810512231,2026-01-20 20:32:34
tx2026bfzybg,final,2026-01-18,10:20:57,0.4,,32.4088,1.0,-102.1171,0.7,7.7,8.6,1.0,0.2,20,15,TXNet,earthquake,Western Texas,,,,,,,,,,22.961127237847982,0.5819237692836343,2026-03-10 19:14:48
tx2026bfxtmv,preliminary,2026-01-18,09:15:17,1.6,,28.8663,1.6,-99.0271,0.7,9.3,9.5,1.3,0.2,11,10,TXNet,earthquake,Southern Texas,,,,,,,,,,69.39012433127273,8.388703756229015,2026-01-21 19:58:27
tx2026bfwrif,final,2026-01-18,08:42:37,1.5,,32.0017,0.4,-103.8217,0.4,8.3,9.2,0.6,0.3,41,24,TXNet,earthquake,New Mexico,,,,,,,,,,58.95953526883734,1.9293444679772616,2026-01-20 19:01:42
tx2026bfqued,final,2026-01-18,05:44:53,1.6,,31.5310,0.5,-104.0198,0.3,6.8,7.8,0.5,0.3,58,31,TXNet,earthquake,Western Texas,,,,,,,,,,123.7854602785056,3.280004124042677,2026-01-27 18:28:49
tx2026bfpqyg,final,2026-01-18,05:10:58,2.4,,32.0087,0.3,-101.3593,0.3,9.4,10.2,1.2,0.1,47,32,TXNet,earthquake,Western Texas,,,,,,,,,,47.1103907182165,17.088480645252464,2026-01-19 01:56:51
tx2026bfobrh,final,2026-01-18,04:23:02,2.1,,28.8709,1.8,-99.0167,0.7,7.5,7.7,1.5,0.2,15,11,TXNet,earthquake,Southern Texas,,,,,,,,,,71.20760666142546,9.275580313074046,2026-01-21 21:19:59
tx2026bfnsgd,final,2026-01-18,04:12:08,1.5,,31.6489,0.3,-104.1261,0.4,1.9,2.9,1.1,0.2,46,26,TXNet,earthquake,Western Texas,,,,,,,,,,126.10401061658284,5.328922432532177,2026-01-27 18:03:26
tx2026bfnmif,preliminary,2026-01-18,04:05:13,1.7,,28.8524,2.8,-99.0159,1.2,7.2,7.4,2.8,0.4,13,9,TXNet,earthquake,Southern Texas,,,,,,,,,,79.57586369701474,9.90776166879369,2026-01-21 20:37:54
tx2026bflxkf,final,2026-01-18,03:17:46,0.4,,32.3813,0.4,-101.9671,0.6,5.7,6.6,1.5,0.1,15,11,TXNet,earthquake,Western Texas,,,,,,,,,,13.834924431075619,2.668114476994,2026-03-10 19:07:06
tx2026bfheyl,preliminary,2026-01-18,00:55:47,1.4,,30.9874,8.1,-103.6123,9.6,0.9,1.8,10.5,0.1,8,6,TXNet,earthquake,Western Texas,,,,,,,,,,24.998951771126386,14.257093073504981,2026-01-20 21:39:02
tx2026bfgfqa,final,2026-01-18,00:26:18,1.3,,31.1870,0.8,-103.4274,1.1,5.2,6.0,1.3,0.2,15,10,TXNet,earthquake,Western Texas,,,,,,,,,,14.1422833728924,6.548753706063535,2026-01-22 21:23:30
tx2026bfctkj,final,2026-01-17,22:41:40,1.6,,31.5289,0.7,-104.0265,0.8,6.8,7.8,1.2,0.2,17,13,TXNet,earthquake,Western Texas,,,,,,,,,,23.245164300879498,2.698879222697018,2026-01-27 17:34:45
tx2026bfaxtb,Automatic,2026-01-17,21:46:15,1.6,,31.6389,1.9,-104.4419,1.1,5.7,6.9,3.1,0.5,42,22,TXNet,earthquake,Western Texas,,,,,,,,,,107.71288562089204,2.131468681041151,2026-01-17 21:49:51
tx2026bezdjq,final,2026-01-17,20:52:27,1.5,,31.6129,0.3,-104.0955,0.4,7.2,8.3,0.6,0.1,50,32,TXNet,earthquake,Western Texas,,,,,,,,,,30.06316278949018,3.6144527495713805,2026-01-21 21:00:54
tx2026bevgwp,final,2026-01-17,18:55:51,0.7,,32.1927,0.5,-102.1257,0.7,8.5,9.4,1.3,0.1,18,10,TXNet,earthquake,Western Texas,,,,,,,,,,19.15449193725343,6.52635743294556,2026-03-10 18:48:51
tx2026berbfn,final,2026-01-17,16:48:37,1.6,,31.2043,0.4,-103.5139,0.3,1.0,1.8,1.2,0.2,26,15,TXNet,earthquake,Western Texas,,,,,,,,,,147.890866449727,4.285590030779986,2026-01-20 21:14:10
tx2026beqhxz,final,2026-01-17,16:26:12,2.0,,31.5345,0.4,-104.0151,0.2,6.6,7.6,0.5,0.1,39,25,TXNet,earthquake,Western Texas,,,,,,,,,,29.89541634541901,3.6953634449229207,2026-02-25 21:24:17
tx2026beppot,preliminary,2026-01-17,16:04:58,1.2,,31.2385,0.8,-103.6369,0.8,1.2,2.0,1.0,0.2,16,10,TXNet,earthquake,Western Texas,,,,,,,,,,20.82795570553976,1.0459951566455485,2026-01-22 21:17:09
tx2026bepbeh,preliminary,2026-01-17,15:48:10,1.9,,28.8557,1.7,-99.0257,0.9,8.3,8.5,1.7,0.3,14,10,TXNet,earthquake,Southern Texas,,,,,,,,,,78.92056037958382,8.880705025274994,2026-01-21 21:45:37
tx2026belnye,final,2026-01-17,14:02:19,1.8,,31.5305,0.5,-104.0150,0.3,7.4,8.4,0.5,0.3,65,37,TXNet,earthquake,Western Texas,,,,,,,,,,130.9455567925987,3.741687913396419,2026-02-25 21:10:40
tx2026bekwve,final,2026-01-17,13:42:28,1.6,,31.5259,0.4,-104.0214,0.4,8.5,9.5,0.8,0.2,56,31,TXNet,earthquake,Western Texas,,,,,,,,,,123.29819202628929,3.2578020105892356,2026-02-25 21:09:41
tx2026bekaxs,final,2026-01-17,13:17:10,0.7,,32.1185,0.5,-101.6423,0.5,7.0,7.7,0.9,0.1,17,10,TXNet,earthquake,Western Texas,,,,,,,,,,53.67747828001728,0.9843052117057898,2026-01-29 17:44:51
tx2026beizfk,final,2026-01-17,12:44:57,2.3,,31.5388,0.5,-104.0182,0.3,7.8,8.8,0.6,0.2,67,38,TXNet,earthquake,Western Texas,,,,,,,,,,124.47789549188805,3.427250076339629,2026-01-27 18:25:03
tx2026beiwut,preliminary,2026-01-17,12:42:06,3.1,,31.5338,0.3,-104.0181,0.3,6.7,7.7,0.5,0.1,34,19,TXNet,earthquake,Western Texas,,,,,,,,,,36.1412169954415,3.4170128477578943,2026-01-17 12:55:48
tx2026behyrq,final,2026-01-17,12:14:06,1.7,,31.3285,0.3,-103.6888,0.2,8.8,9.6,0.8,0.1,23,12,TXNet,earthquake,Western Texas,,,,,,,,,,21.550901668613456,8.004598357304713,2026-02-25 20:04:42
tx2026behaxl,final,2026-01-17,11:46:40,1.8,,31.5314,0.4,-104.0203,0.2,7.2,8.2,0.4,0.2,64,34,TXNet,earthquake,Western Texas,,,,,,,,,,123.78114652449926,3.2227340809972618,2026-07-08 07:29:47
tx2026begtrh,final,2026-01-17,11:38:06,1.8,,31.6543,0.4,-104.2809,0.3,7.0,8.1,0.7,0.3,65,39,TXNet,earthquake,Western Texas,,,,,,,,,,117.58345954409893,2.448491808397436,2026-01-27 17:19:05
tx2026befsqn,final,2026-01-17,11:06:44,1.2,,31.7627,0.5,-104.2155,0.3,5.9,7.0,0.9,0.2,23,13,TXNet,earthquake,Western Texas,,,,,,,,,,50.74130247863957,3.7795467243887058,2026-01-20 21:47:26
tx2026beevsz,final,2026-01-17,10:40:27,1.5,,31.6549,0.4,-104.2653,0.3,7.2,8.3,0.5,0.2,43,23,TXNet,earthquake,Western Texas,,,,,,,,,,118.4860869732097,1.863075018990035,2026-01-27 15:54:21
tx2026bedgwu,preliminary,2026-01-17,09:52:50,1.1,,31.2153,1.4,-103.5032,1.4,4.6,5.4,2.3,0.2,14,10,TXNet,earthquake,Western Texas,,,,,,,,,,21.22496546757413,5.1239712995447295,2026-01-22 20:27:10
tx2026becroa,final,2026-01-17,09:35:07,1.7,,31.6218,0.4,-104.3398,0.2,2.5,3.7,1.1,0.2,43,25,TXNet,earthquake,Western Texas,,,,,,,,,,111.44626798577961,9.007573734949295,2026-01-27 15:52:01
tx2026bdzums,final,2026-01-17,08:07:51,0.4,,31.8869,0.5,-101.7548,0.5,8.0,8.8,1.1,0.2,22,14,TXNet,earthquake,Western Texas,,,,,,,,,,52.76112593986446,6.417759482387729,2026-01-28 17:17:41
tx2026bdzjgh,final,2026-01-17,07:54:47,1.9,,28.9056,2.1,-99.0215,0.8,8.4,8.6,1.8,0.3,15,12,TXNet,earthquake,Southern Texas,,,,,,,,,,73.80121200838038,8.967430112843877,2026-01-21 20:12:00
tx2026bdyhsn,final,2026-01-17,07:23:02,1.6,,31.5287,0.5,-104.0235,0.4,8.5,9.5,0.9,0.2,47,27,TXNet,earthquake,Western Texas,,,,,,,,,,123.3486193461052,2.977087883138887,2026-02-25 21:47:16
tx2026bdybgx,final,2026-01-17,07:15:23,2.0,,31.5342,0.4,-104.0166,0.3,7.3,8.3,0.6,0.2,64,37,TXNet,earthquake,Western Texas,,,,,,,,,,124.2519966262573,3.555939005431238,2026-02-25 21:10:13
tx2026bdxceb,final,2026-01-17,06:46:33,1.5,,32.3978,0.4,-102.0592,0.4,9.1,10.0,0.7,0.1,20,13,TXNet,earthquake,Western Texas,,,,,,,,,,12.493541176488481,3.246531832594807,2026-01-27 19:00:25
tx2026bdwynm,final,2026-01-17,06:42:01,2.4,,31.5388,0.5,-104.0161,0.3,6.1,7.1,0.5,0.1,38,23,TXNet,earthquake,Western Texas,,,,,,,,,,27.808722255025046,3.629810762743583,2026-01-26 17:22:56
tx2026bdwlxc,final,2026-01-17,06:27:30,0.8,,32.1194,0.8,-101.4847,0.6,8.0,8.9,1.9,0.1,16,10,TXNet,earthquake,Western Texas,,,,,,,,,,42.230726589008974,6.4050818475673825,2026-01-29 17:47:59
tx2026bduvqk,final,2026-01-17,05:38:23,1.7,,31.5319,0.6,-104.0187,0.3,7.1,8.1,0.6,0.3,63,35,TXNet,earthquake,Western Texas,,,,,,,,,,123.9295775526481,3.368901753607862,2026-07-08 07:31:59
tx2026bdudcn,final,2026-01-17,05:17:23,2.3,,31.5388,0.5,-104.0182,0.3,7.5,8.5,0.6,0.2,75,40,TXNet,earthquake,Western Texas,,,,,,,,,,124.47789549188805,3.427250076339629,2026-01-27 18:26:04
tx2026bdqobv,final,2026-01-17,03:29:11,0.9,,32.1030,0.3,-101.9049,0.2,9.0,9.8,0.9,0.2,43,28,TXNet,earthquake,Western Texas,,,,,,,,,,76.34175133506685,8.031616333803704,2026-01-20 18:53:14
tx2026bdnzlq,preliminary,2026-01-17,02:11:31,1.8,,28.9033,2.7,-99.0268,0.9,9.0,9.2,1.9,0.3,12,9,TXNet,earthquake,Southern Texas,,,,,,,,,,67.72404402069265,8.403819320995085,2026-01-21 21:41:59
tx2026bdnimu,final,2026-01-17,01:51:51,2.3,,28.6462,1.4,-99.2094,0.7,7.2,7.4,1.1,0.3,22,16,TXNet,earthquake,Southern Texas,,,,,,,,,,98.49673510285604,28.282094443493964,2026-01-21 20:41:51
tx2026bdmxcd,final,2026-01-17,01:38:40,1.9,,31.4331,0.3,-103.7468,0.2,5.5,6.4,2.2,0.2,37,25,TXNet,earthquake,Western Texas,,,,,,,,,,138.2325786710839,13.373074127098992,2026-01-20 18:42:07
tx2026bdjzat,final,2026-01-17,00:10:23,1.8,,31.6614,0.5,-104.3673,0.3,6.6,7.8,0.8,0.1,39,30,TXNet,earthquake,Western Texas,,,,,,,,,,34.166477285966614,5.934446384798403,2026-01-17 04:25:00
tx2026bdjmlt,final,2026-01-16,23:55:49,0.2,,32.3520,0.5,-102.0657,0.6,8.3,9.2,1.1,0.1,15,11,TXNet,earthquake,Western Texas,,,,,,,,,,10.500049429966166,5.1087859085095095,2026-03-10 19:19:57
tx2026bdgnza,final,2026-01-16,22:27:06,0.7,,32.4051,0.4,-101.7806,0.5,6.1,6.9,1.4,0.2,29,16,TXNet,earthquake,Western Texas,,,,,,,,,,132.2819855332461,2.803444741269537,2026-03-13 15:10:37
tx2026bdevdr,final,2026-01-16,21:35:02,0.6,,32.3758,0.5,-102.0914,0.5,8.1,9.0,0.9,0.1,24,14,TXNet,earthquake,Western Texas,,,,,,,,,,21.58948135516894,3.2318868411454433,2026-03-10 18:55:41
tx2026bczueq,final,2026-01-16,19:03:51,1.6,,31.5481,0.4,-104.1420,0.3,8.9,10.0,0.5,0.2,61,31,TXNet,earthquake,Western Texas,,,,,,,,,,116.76648409291182,3.6932323159555884,2026-01-27 18:04:33
tx2026bcyxam,Automatic,2026-01-16,18:36:16,1.2,,32.1045,0.7,-101.9182,0.9,6.1,6.9,2.1,0.5,61,34,TXNet,earthquake,Western Texas,,,,,,,,,,116.4619842338562,6.955790818668902,2026-01-17 00:16:08
tx2026bcxnzu,final,2026-01-16,17:57:18,1.8,,31.6552,0.5,-104.4321,0.6,6.1,7.3,0.6,0.2,44,25,TXNet,earthquake,Western Texas,,,,,,,,,,110.10083979380171,0.10881649031279073,2026-01-27 17:17:29
tx2026bcwjes,final,2026-01-16,17:19:45,1.8,,32.1066,0.3,-101.9370,0.2,7.1,7.9,1.3,0.1,26,23,TXNet,earthquake,Western Texas,,,,,,,,,,21.79830606539142,5.588265789387703,2026-02-05 21:45:04
tx2026bcwaou,final,2026-01-16,17:09:46,1.7,,31.5507,0.4,-104.1376,0.4,8.1,9.1,0.4,0.1,30,17,TXNet,earthquake,Western Texas,,,,,,,,,,22.99241387005486,3.259105148439544,2026-01-27 18:22:33
tx2026bctywc,final,2026-01-16,16:08:31,1.2,,32.1066,0.5,-101.9135,0.5,8.0,8.9,1.6,0.1,20,14,TXNet,earthquake,Western Texas,,,,,,,,,,25.19556399728321,7.144684523150246,2026-03-13 14:55:01
tx2026bcsukq,final,2026-01-16,15:32:04,2.1,,28.8813,1.4,-99.0278,0.7,9.2,9.4,1.3,0.3,21,15,TXNet,earthquake,Southern Texas,,,,,,,,,,105.2481443979444,8.072973242021888,2026-02-03 18:24:08
tx2026bcrnei,final,2026-01-16,14:53:29,2.5,,28.9067,1.8,-99.0181,0.9,5.9,6.1,1.5,0.4,28,20,TXNet,earthquake,Southern Texas,,,,,,,,,,103.62083083893366,9.32737743027012,2026-02-03 18:21:53
tx2026bcqhei,final,2026-01-16,14:16:27,1.5,,32.0060,0.3,-103.7924,0.3,9.5,10.5,0.7,0.1,22,15,TXNet,earthquake,New Mexico,,,,,,,,,,31.0133999977952,1.2230077199710285,2026-02-17 04:38:48
tx2026bcnkyh,final,2026-01-16,12:50:14,1.5,,31.6277,0.7,-104.5470,0.6,7.4,8.8,0.8,0.1,18,12,TXNet,earthquake,Western Texas,,,,,,,,,,38.482471967935254,6.316783931542205,2026-01-16 16:30:20
tx2026bcjorj,final,2026-01-16,10:53:53,0.8,,32.0984,0.3,-101.9060,0.3,8.5,9.3,1.0,0.1,34,24,TXNet,earthquake,Western Texas,,,,,,,,,,33.89270440097631,8.273842504264671,2026-01-16 16:05:20
tx2026bcipyy,final,2026-01-16,10:25:32,1.3,,32.0062,0.3,-103.7978,0.3,8.1,9.1,0.6,0.2,21,14,TXNet,earthquake,New Mexico,,,,,,,,,,106.36023399398572,0.9525623813424527,2026-01-16 17:40:45
tx2026bchwgx,final,2026-01-16,10:02:21,0.6,,32.3593,0.6,-102.0485,0.9,7.3,8.2,1.9,0.1,15,9,TXNet,earthquake,Western Texas,,,,,,,,,,10.944987435891766,6.79090675161468,2026-01-29 17:29:08
tx2026bcgkdc,final,2026-01-16,09:18:24,1.1,,31.5463,0.6,-104.0427,0.6,7.0,8.0,1.0,0.2,26,14,TXNet,earthquake,Western Texas,,,,,,,,,,25.717372197416225,1.6617421932886656,2026-01-22 20:37:24
tx2026bcahkg,final,2026-01-16,06:13:53,1.4,,32.1140,0.3,-101.5233,0.3,8.0,8.8,1.2,0.1,38,21,TXNet,earthquake,Western Texas,,,,,,,,,,43.50995040744792,5.409144682930869,2026-01-16 17:28:44
tx2026bbvvdp,final,2026-01-16,03:59:02,1.4,,32.0645,0.4,-101.1246,0.4,9.8,10.6,1.9,0.1,16,12,TXNet,earthquake,Western Texas,,,,,,,,,,49.33466899881128,16.697249933784658,2026-01-16 17:37:11
tx2026bbvkev,final,2026-01-16,03:46:16,1.0,,32.4225,0.7,-102.1268,0.4,8.2,9.0,0.6,0.2,39,26,TXNet,earthquake,Western Texas,,,,,,,,,,40.698506076459594,0.6076016235871715,2026-01-16 16:38:47
tx2026bbuxei,final,2026-01-16,03:31:18,1.7,,31.5282,0.4,-104.0133,0.3,7.0,8.0,0.6,0.2,42,26,TXNet,earthquake,Western Texas,,,,,,,,,,34.13310272113887,3.9345976477159974,2026-05-14 16:57:41
tx2026bbuhja,final,2026-01-16,03:12:52,0.8,,32.2659,0.3,-101.9092,0.3,4.9,5.7,0.6,0.1,42,24,TXNet,earthquake,Western Texas,,,,,,,,,,30.73564230122433,2.7731322182160527,2026-01-16 15:59:36
tx2026bbtinz,final,2026-01-16,02:44:01,2.5,,32.1066,0.3,-101.9113,0.3,8.7,9.5,0.7,0.1,33,25,TXNet,earthquake,Western Texas,,,,,,,,,,22.157998989294533,7.303227555756035,2026-01-20 17:05:01
tx2026bbsbqt,final,2026-01-16,02:05:54,3.2,,31.5327,0.3,-104.0100,0.2,6.2,7.2,0.4,0.1,50,31,TXNet,earthquake,Western Texas,,,,,,,,,,32.860747063880886,4.187528439845764,2026-01-16 03:10:50
tx2026bbrzai,final,2026-01-16,02:04:08,1.6,,31.5295,0.4,-104.0108,0.3,6.7,7.6,0.5,0.2,48,26,TXNet,earthquake,Western Texas,,,,,,,,,,131.35377186925737,4.149268443602791,2026-02-07 04:17:54
tx2026bbruoz,final,2026-01-16,01:57:36,2.2,,28.6635,1.3,-99.2262,0.9,8.1,8.3,1.4,0.4,25,18,TXNet,earthquake,Southern Texas,,,,,,,,,,107.07496446742081,27.11650947560283,2026-02-03 17:39:03
tx2026bbqpri,Automatic,2026-01-16,01:21:45,1.8,,32.0128,0.8,-103.8033,0.9,4.8,5.8,1.0,0.5,60,32,TXNet,earthquake,New Mexico,,,,,,,,,,105.39405864357947,1.615043273004703,2026-01-16 01:25:30
tx2026bbqkym,final,2026-01-16,01:16:16,1.6,,28.8490,1.3,-99.0316,0.6,7.5,7.7,0.9,0.3,23,13,TXNet,earthquake,Southern Texas,,,,,,,,,,167.04273059967397,8.667685237670062,2026-02-13 19:57:44
tx2026bbozpw,final,2026-01-16,00:36:21,1.1,,31.9135,0.3,-101.7452,0.5,8.5,9.3,1.0,0.1,18,10,TXNet,earthquake,Western Texas,,,,,,,,,,46.463378225743234,8.433877977571747,2026-01-16 16:08:49
tx2026bbnuns,final,2026-01-15,23:57:14,1.7,,31.6311,0.4,-104.2772,0.2,5.2,6.3,1.1,0.2,38,30,TXNet,earthquake,Western Texas,,,,,,,,,,29.3198615223699,4.65357794466641,2026-05-14 17:16:01
tx2026bbnjsw,final,2026-01-15,23:44:16,1.3,,32.0072,0.4,-103.8044,0.5,7.4,8.3,0.7,0.2,24,14,TXNet,earthquake,New Mexico,,,,,,,,,,20.901470883487487,1.0280956147342644,2026-05-15 16:52:02
tx2026bbnccq,final,2026-01-15,23:35:32,1.4,,32.0114,0.4,-101.3497,0.3,10.4,11.2,1.5,0.1,18,13,TXNet,earthquake,Western Texas,,,,,,,,,,42.627035413904586,16.66495445854348,2026-01-16 16:21:24
tx2026bbmynz,Automatic,2026-01-15,23:31:28,1.9,,32.0143,1.0,-103.8035,1.0,5.9,6.8,2.0,0.5,41,22,TXNet,earthquake,New Mexico,,,,,,,,,,105.27937888473272,1.78207543451339,2026-01-15 23:37:37
tx2026bbmbio,final,2026-01-15,23:04:26,1.6,,31.5264,0.4,-104.0112,0.3,6.8,7.8,0.6,0.2,42,22,TXNet,earthquake,Western Texas,,,,,,,,,,124.06048985656935,4.177361304859638,2026-02-25 21:12:38
tx2026bbjczn,final,2026-01-15,21:35:51,1.5,,31.6603,0.7,-104.5016,0.7,8.1,9.4,0.9,0.3,25,15,TXNet,earthquake,Western Texas,,,,,,,,,,107.60125140074892,0.932598472774389,2026-02-17 04:47:55
tx2026bbijau,final,2026-01-15,21:12:43,1.6,,32.0025,0.3,-103.8027,0.5,7.8,8.7,0.5,0.2,27,17,TXNet,earthquake,New Mexico,,,,,,,,,,59.708410997198975,0.4796583222723111,2026-01-16 16:32:40
tx2026bbhmbu,final,2026-01-15,20:46:45,1.8,,31.5466,0.4,-104.1430,0.5,8.0,9.1,0.7,0.1,28,18,TXNet,earthquake,Western Texas,,,,,,,,,,23.261663812266818,8.013130638622716,2026-01-27 18:23:44
tx2026bbhjor,final,2026-01-15,20:43:12,1.0,,31.5283,0.8,-104.1641,0.9,8.4,9.4,1.7,0.2,15,12,TXNet,earthquake,Western Texas,,,,,,,,,,25.998921965930023,6.637331578624005,2026-01-29 17:59:30
tx2026bbgxcs,final,2026-01-15,20:28:49,1.7,,31.5503,0.4,-104.1344,0.6,7.9,9.0,0.5,0.1,33,21,TXNet,earthquake,Western Texas,,,,,,,,,,25.567439194253573,3.2146319414585607,2026-01-15 23:36:01
tx2026bbfqma,final,2026-01-15,19:50:48,1.6,,31.5292,0.5,-104.0085,0.3,6.1,7.1,0.5,0.2,64,38,TXNet,earthquake,Western Texas,,,,,,,,,,63.89910106731578,4.369316026674329,2026-01-15 23:07:32
tx2026bbfhzz,final,2026-01-15,19:40:58,2.2,,31.6879,0.4,-104.3528,0.3,6.1,7.3,0.7,0.2,65,44,TXNet,earthquake,Western Texas,,,,,,,,,,58.078874885855214,6.980348904242007,2026-01-15 22:37:40
tx2026bayyhf,final,2026-01-15,16:28:37,2.1,,28.8183,1.5,-99.0250,0.8,5.1,5.3,1.6,0.4,21,15,TXNet,earthquake,Southern Texas,,,,,,,,,,107.04415300752312,11.157162241639616,2026-01-15 18:00:05
tx2026baycyl,final,2026-01-15,16:03:54,1.6,,31.6962,0.6,-104.3566,0.3,6.8,8.0,0.8,0.3,53,32,TXNet,earthquake,Western Texas,,,,,,,,,,65.7581789312403,6.7980346474257285,2026-01-15 17:27:40
tx2026bawmcv,final,2026-01-15,15:14:46,1.9,,31.3096,1.1,-103.3420,0.6,2.3,3.1,1.2,0.3,34,23,TXNet,earthquake,Western Texas,,,,,,,,,,23.240832660861148,3.734558546759385,2026-01-15 17:05:35
tx2026baommf,final,2026-01-15,11:13:33,0.6,,32.3923,0.7,-102.1514,0.4,8.5,9.4,0.6,0.2,38,25,TXNet,earthquake,Western Texas,,,,,,,,,,161.82987750956036,1.367452653895243,2026-01-15 14:43:40
tx2026banenh,final,2026-01-15,10:34:09,0.6,,32.3895,0.4,-102.0110,0.5,6.8,7.7,1.3,0.1,19,19,TXNet,earthquake,Western Texas,,,,,,,,,,14.547047745558526,1.6716053438449794,2026-01-15 14:10:46
tx2026bamsog,final,2026-01-15,10:22:32,1.6,,31.6687,0.5,-104.3749,0.3,6.5,7.7,0.6,0.2,45,27,TXNet,earthquake,Western Texas,,,,,,,,,,40.37269779512911,4.99823618990205,2026-01-15 13:21:20
tx2026bamdck,final,2026-01-15,10:02:11,0.3,,32.3703,0.5,-102.0742,0.7,8.9,9.7,1.3,0.2,20,13,TXNet,earthquake,Western Texas,,,,,,,,,,34.879681169905076,4.501134378915956,2026-01-15 15:57:48
tx2026bambnk,final,2026-01-15,10:00:10,1.1,,29.0724,0.5,-97.8076,0.5,9.2,9.3,2.1,0.1,12,11,TXNet,earthquake,Central Texas,,,,,,,,,,21.855505269026985,1.952463097894025,2026-01-15 15:23:38
tx2026baktxz,final,2026-01-15,09:21:19,0.5,,32.3886,0.3,-102.0056,0.3,9.5,10.4,0.8,0.1,36,21,TXNet,earthquake,Western Texas,,,,,,,,,,29.785964117320553,2.137640324042235,2026-01-15 15:52:39
tx2026baikbd,final,2026-01-15,08:09:26,1.6,,29.0751,0.3,-97.8088,0.4,7.3,7.4,1.3,0.2,20,10,TXNet,earthquake,Central Texas,,,,,,,,,,46.14018784537499,2.269616019972842,2026-01-15 14:57:45
tx2026bagoou,final,2026-01-15,07:14:18,1.3,,31.1303,1.2,-103.2819,1.8,5.2,6.1,1.6,0.1,11,7,TXNet,earthquake,Western Texas,,,,,,,,,,11.87800313983428,2.9115320299659464,2026-01-15 14:50:12
tx2026bafabl,final,2026-01-15,06:27:22,2.0,,31.7215,0.3,-104.2723,0.3,6.1,7.2,0.6,0.2,49,34,TXNet,earthquake,Western Texas,,,,,,,,,,29.79083251491997,4.182123209808314,2026-01-15 12:57:03
tx2026baefok,preliminary,2026-01-15,06:03:30,1.1,,32.0078,0.7,-101.3540,0.5,9.7,10.6,2.6,0.1,12,7,TXNet,earthquake,Western Texas,,,,,,,,,,29.211378071010856,17.11696513410821,2026-01-15 14:23:16
tx2026badstv,final,2026-01-15,05:48:39,0.9,,32.7768,0.4,-100.6530,0.5,7.7,8.4,1.9,0.1,12,7,TXNet,earthquake,Western Texas,,,,,,,,,,41.42997007278696,7.094845785858522,2026-01-15 17:48:26
tx2026azxury,final,2026-01-15,02:49:51,0.6,,31.8375,0.7,-101.9113,1.0,5.9,6.7,1.6,0.2,14,9,TXNet,earthquake,Western Texas,,,,,,,,,,50.24707598182874,1.97366786049299,2026-03-13 16:36:14
tx2026azvxsm,final,2026-01-15,01:56:23,0.4,,32.3996,0.3,-102.0528,0.5,8.8,9.6,1.1,0.2,28,17,TXNet,earthquake,Western Texas,,,,,,,,,,31.058138892978295,2.824725994742779,2026-01-15 15:09:09
tx2026azrhom,final,2026-01-14,23:33:49,0.5,,32.3630,0.5,-102.0571,0.5,7.9,8.8,0.9,0.1,20,10,TXNet,earthquake,Western Texas,,,,,,,,,,21.55889225438573,3.6788188207619386,2026-01-15 14:56:14
tx2026azowkt,final,2026-01-14,22:20:17,1.2,,30.9849,0.8,-103.6153,0.8,8.3,9.2,2.3,0.2,15,10,TXNet,earthquake,Western Texas,,,,,,,,,,67.9811044050027,14.653581805130983,2026-01-15 14:53:58
tx2026aznxja,final,2026-01-14,21:51:25,1.6,,31.3560,0.6,-103.5149,0.6,1.6,2.4,1.0,0.2,18,14,TXNet,earthquake,Western Texas,,,,,,,,,,17.686751949521984,1.8166597727537028,2026-01-15 13:51:21
tx2026azlcmp,final,2026-01-14,20:26:50,1.8,,31.4514,0.3,-103.9002,0.4,5.1,6.1,1.6,0.3,41,23,TXNet,earthquake,Western Texas,,,,,,,,,,127.1500946517316,9.53897371257827,2026-01-15 13:44:58
tx2026azjgxh,final,2026-01-14,19:31:26,1.4,,32.3245,0.5,-101.0860,0.8,9.2,9.9,2.2,0.1,12,9,TXNet,earthquake,Western Texas,,,,,,,,,,91.15791038786277,16.553734653316084,2026-01-15 15:35:41
tx2026azjeci,final,2026-01-14,19:28:12,1.6,,31.6368,0.5,-104.4406,0.4,6.9,8.2,0.5,0.3,36,23,TXNet,earthquake,Western Texas,,,,,,,,,,107.91652991611822,2.307932622289808,2026-01-15 13:40:06
tx2026azfkpp,preliminary,2026-01-14,17:35:03,1.3,,31.3028,0.5,-103.3688,0.5,16.2,17.0,1.4,0.2,16,14,TXNet,earthquake,Western Texas,,,,,,,,,,20.86043307937803,12.480093391265324,2026-01-15 15:30:08
tx2026azebrw,final,2026-01-14,16:54:31,2.0,,31.4804,0.5,-104.0217,0.5,4.3,5.3,1.3,0.2,39,26,TXNet,earthquake,Western Texas,,,,,,,,,,33.095886030731656,6.799592956027127,2026-01-14 17:54:43
tx2026azdkyq,final,2026-01-14,16:35:06,0.9,,32.0975,0.2,-101.9049,0.2,6.4,7.2,1.1,0.1,35,23,TXNet,earthquake,Western Texas,,,,,,,,,,29.739062055531583,8.416769304415297,2026-01-14 17:03:06
tx2026azaokq,final,2026-01-14,15:08:36,1.7,,31.6083,0.3,-104.1052,0.2,6.1,7.1,0.4,0.2,81,46,TXNet,earthquake,Western Texas,,,,,,,,,,144.3853910368143,3.880185090975957,2026-01-14 16:11:55
tx2026ayuaql,final,2026-01-14,11:51:47,1.3,,31.2565,0.7,-103.3435,0.8,5.9,6.8,2.3,0.2,18,14,TXNet,earthquake,Western Texas,,,,,,,,,,20.61704624942671,7.30829113404891,2026-01-14 13:22:13
tx2026ayntku,final,2026-01-14,08:42:10,0.5,,32.4069,0.7,-102.1428,0.5,6.3,7.2,0.9,0.2,24,16,TXNet,earthquake,Western Texas,,,,,,,,,,66.77339560856517,2.5993512532931553,2026-03-13 15:56:12
tx2026aykxzz,final,2026-01-14,07:17:00,1.5,,31.5443,0.6,-104.1413,0.5,8.4,9.5,0.7,0.1,17,11,TXNet,earthquake,Western Texas,,,,,,,,,,14.830841004462036,4.055822687530041,2026-01-14 12:00:56
tx2026aykbzj,final,2026-01-14,06:51:25,1.3,,32.0583,0.4,-103.7494,0.4,7.6,8.6,0.9,0.1,13,9,TXNet,earthquake,New Mexico,,,,,,,,,,34.24671128227587,2.86083701087261,2026-01-14 12:45:44
tx2026ayiqah,final,2026-01-14,06:07:23,1.1,,32.0004,0.4,-101.7248,0.4,8.7,9.5,0.9,0.1,23,16,TXNet,earthquake,Western Texas,,,,,,,,,,41.20570022340125,7.514126005653525,2026-01-14 12:16:54
tx2026aygaac,final,2026-01-14,04:48:27,1.0,,32.0561,0.4,-103.6986,0.3,7.1,8.1,0.8,0.1,15,11,TXNet,earthquake,New Mexico,,,,,,,,,,34.861880632034534,4.076811422795026,2026-01-14 13:33:10
tx2026ayfmbs,final,2026-01-14,04:32:38,1.0,,32.0956,0.4,-101.4783,0.3,8.4,9.2,1.1,0.1,19,13,TXNet,earthquake,Western Texas,,,,,,,,,,134.6887274829164,8.935470325179747,2026-01-14 12:58:45
tx2026ayfikq,final,2026-01-14,04:28:01,1.6,,31.5731,0.3,-104.0239,0.3,8.0,9.0,0.5,0.1,29,19,TXNet,earthquake,Western Texas,,,,,,,,,,22.523248077765206,4.528749434888089,2026-01-14 06:17:17
tx2026aydzud,preliminary,2026-01-14,03:47:49,1.6,,31.1393,0.3,-103.2748,0.4,0.4,1.2,0.5,0.1,13,8,TXNet,earthquake,Western Texas,,,,,,,,,,11.840430611332744,2.6956074177588123,2026-01-14 12:07:54
tx2026aydgya,final,2026-01-14,03:26:07,1.2,,32.3373,0.5,-101.0710,0.7,8.2,8.9,2.5,0.1,15,10,TXNet,earthquake,Western Texas,,,,,,,,,,90.48494775369693,17.741065200422508,2026-01-14 14:43:21
tx2026aybrvd,final,2026-01-14,02:38:27,1.9,,31.5738,0.3,-104.0250,0.3,7.6,8.6,0.5,0.1,32,17,TXNet,earthquake,Western Texas,,,,,,,,,,19.615371889811293,4.411093262020913,2026-01-14 11:44:55
tx2026aybmgg,final,2026-01-14,02:31:51,1.3,,31.8942,1.2,-101.7184,1.1,7.9,8.7,1.9,0.1,11,10,TXNet,earthquake,Western Texas,,,,,,,,,,55.92804029362939,5.655092915732125,2026-01-14 14:49:07
tx2026axnttm,final,2026-01-13,19:38:05,1.5,,31.6945,0.8,-104.3644,0.3,6.2,7.4,0.8,0.3,43,27,TXNet,earthquake,Western Texas,,,,,,,,,,43.89164420715504,6.037309140715578,2026-01-13 22:07:13
tx2026axjjvg,final,2026-01-13,17:25:52,1.5,,32.1066,0.2,-101.9285,0.2,9.0,9.8,0.5,0.1,80,50,TXNet,earthquake,Western Texas,,,,,,,,,,38.63416073145335,6.106897262388324,2026-01-13 18:20:13
tx2026axiace,final,2026-01-13,16:44:07,0.9,,31.9333,0.4,-103.3965,0.5,6.1,7.0,0.6,0.0,11,7,TXNet,earthquake,Western Texas,,,,,,,,,,33.86050329181484,1.5895710242868784,2026-01-14 14:05:05
tx2026axcazm,final,2026-01-13,13:44:26,0.7,,31.9343,0.3,-103.3956,0.5,5.5,6.4,0.6,0.1,13,9,TXNet,earthquake,Western Texas,,,,,,,,,,47.19195785513639,1.4566033735767348,2026-01-14 13:55:58
tx2026axaudn,final,2026-01-13,13:06:18,1.1,,32.1103,0.4,-101.9328,0.4,9.4,10.2,0.8,0.1,15,10,TXNet,earthquake,Western Texas,,,,,,,,,,19.31345330549427,5.530236554213295,2026-01-13 14:23:33
tx2026awxgrd,final,2026-01-13,11:20:10,1.3,,32.0938,0.4,-101.4804,0.3,8.8,9.6,1.2,0.1,14,11,TXNet,earthquake,Western Texas,,,,,,,,,,26.64830396082981,9.76741920878144,2026-01-13 14:04:40
tx2026awwrjn,final,2026-01-13,11:02:26,1.4,,29.0744,0.3,-97.8030,0.4,7.2,7.3,0.5,0.2,29,17,TXNet,earthquake,Central Texas,,,,,,,,,,152.12849708417744,2.155173292858068,2026-01-13 16:48:40
tx2026awvnem,final,2026-01-13,10:27:23,1.1,,32.3978,0.3,-102.0742,0.4,8.4,9.3,0.7,0.2,54,31,TXNet,earthquake,Western Texas,,,,,,,,,,186.9950322692044,3.6301832205980533,2026-01-13 13:57:27
tx2026awufzv,final,2026-01-13,09:48:56,0.7,,32.4252,0.4,-102.0314,0.4,8.6,9.5,1.1,0.2,31,21,TXNet,earthquake,Western Texas,,,,,,,,,,27.569031837913762,4.4655060777613915,2026-01-13 17:06:42
tx2026awtdfr,final,2026-01-13,09:15:28,0.8,,32.1945,0.4,-101.4054,0.4,6.2,7.0,1.1,0.1,16,11,TXNet,earthquake,Western Texas,,,,,,,,,,143.93968139171812,5.636030842507565,2026-01-13 17:00:23
tx2026awqcrc,final,2026-01-13,07:44:18,0.2,,32.3685,0.4,-102.0528,0.5,8.2,9.1,0.7,0.1,12,9,TXNet,earthquake,Western Texas,,,,,,,,,,10.985883688561655,2.9760311231823855,2026-01-14 16:49:47
tx2026awpoej,final,2026-01-13,07:27:30,2.0,,31.5712,0.3,-104.0278,0.3,7.4,8.4,0.5,0.1,42,31,TXNet,earthquake,Western Texas,,,,,,,,,,27.462968323932042,4.2358342107425,2026-01-13 13:53:10
tx2026awncbt,final,2026-01-13,06:13:13,1.3,,32.1048,0.2,-101.9070,0.2,9.1,9.9,0.7,0.1,71,53,TXNet,earthquake,Western Texas,,,,,,,,,,33.46729649238434,7.7476318475811405,2026-01-13 13:47:07
tx2026awkcad,final,2026-01-13,04:42:30,0.5,,32.0938,0.4,-101.9092,0.5,9.5,10.4,2.0,0.2,23,14,TXNet,earthquake,Western Texas,,,,,,,,,,32.27859571423617,10.850830509269558,2026-01-13 16:43:01
tx2026awhekd,final,2026-01-13,03:14:45,1.4,,31.0342,0.5,-103.2940,0.6,6.9,7.8,3.4,0.1,11,9,TXNet,earthquake,Western Texas,,,,,,,,,,17.249357188238918,10.86794355181493,2026-01-13 16:59:31
tx2026awgaqz,final,2026-01-13,02:40:14,1.9,,31.6630,0.5,-104.3638,0.3,6.9,8.0,0.7,0.2,52,28,TXNet,earthquake,Western Texas,,,,,,,,,,114.09276709856273,6.1853601447539,2026-01-13 13:53:59
tx2026awftyf,final,2026-01-13,02:32:27,2.7,,31.6651,0.4,-104.3652,0.3,6.7,7.9,0.6,0.2,73,42,TXNet,earthquake,Western Texas,,,,,,,,,,63.46148161098584,5.993874878586848,2026-01-13 13:50:06
tx2026awdxjn,final,2026-01-13,01:36:06,2.3,,31.6865,0.5,-104.3560,0.3,6.1,7.3,0.6,0.2,50,32,TXNet,earthquake,Western Texas,,,,,,,,,,38.12090464498532,6.659906857643168,2026-01-13 13:59:59
tx2026awcpks,final,2026-01-13,00:56:45,0.3,,32.3557,0.5,-102.0228,0.5,6.4,7.2,1.2,0.2,24,14,TXNet,earthquake,Western Texas,,,,,,,,,,22.124545785594854,3.319187179375522,2026-01-13 17:13:48
tx2026awanin,final,2026-01-12,23:53:56,0.5,,32.1048,0.3,-101.9027,0.2,6.1,6.9,1.2,0.1,22,18,TXNet,earthquake,Western Texas,,,,,,,,,,30.549941235574067,8.070373267491851,2026-01-13 15:19:21
tx2026avycjj,final,2026-01-12,22:40:51,0.8,,32.1048,0.6,-101.9113,0.5,8.6,9.4,1.7,0.1,20,18,TXNet,earthquake,Western Texas,,,,,,,,,,22.085451093026116,7.429668376006731,2026-01-13 17:03:36
tx2026avwbns,final,2026-01-12,21:41:54,2.7,,35.2744,0.6,-101.7627,0.8,8.6,9.7,1.3,0.3,17,11,TXNet,earthquake,Texas Panhandle Region,,,,,,,,,,255.660709762421,21.181638905340954,2026-01-12 22:20:03
tx2026avtdtw,preliminary,2026-01-12,20:11:39,0.8,,31.9785,0.9,-101.8449,0.7,0.0,0.8,0.9,0.2,15,9,TXNet,earthquake,Western Texas,,,,,,,,,,35.5422986289074,4.234325947117516,2026-01-13 16:04:54
tx2026avksii,final,2026-01-12,15:56:58,0.9,,32.3566,0.5,-102.1825,0.6,8.7,9.6,0.9,0.2,26,16,TXNet,earthquake,Western Texas,,,,,,,,,,43.36459222122681,4.437792655359613,2026-03-13 15:03:39
tx2026avjlqf,preliminary,2026-01-12,15:21:39,0.7,,32.4197,0.5,-102.1343,0.6,7.1,7.9,0.6,0.2,30,19,TXNet,earthquake,Western Texas,,,,,,,,,,182.27805055581365,1.3151023023495372,2026-01-13 16:43:21
tx2026avioen,final,2026-01-12,14:51:48,1.1,,32.7310,0.5,-100.6701,0.6,8.6,9.3,1.3,0.1,14,10,TXNet,earthquake,Western Texas,,,,,,,,,,93.6534755317152,9.145208608951501,2026-01-13 20:01:39
tx2026avdhle,final,2026-01-12,12:13:07,1.7,,31.6515,0.7,-104.4456,0.5,6.9,8.2,0.7,0.1,28,22,TXNet,earthquake,Western Texas,,,,,,,,,,36.463625451933325,1.3860879389703604,2026-01-12 15:10:43
tx2026avasco,final,2026-01-12,10:54:56,0.3,,32.1945,0.6,-102.1257,0.9,8.7,9.5,1.9,0.2,17,11,TXNet,earthquake,Western Texas,,,,,,,,,,18.9841330714096,6.325690093255738,2026-03-13 16:09:40
tx2026avalbw,final,2026-01-12,10:46:50,1.5,,31.6376,0.5,-104.4487,0.7,7.3,8.6,0.7,0.2,47,28,TXNet,earthquake,Western Texas,,,,,,,,,,107.63363623167918,2.597366202392214,2026-01-12 15:34:31
tx2026auzasc,final,2026-01-12,10:04:37,0.5,,32.4243,0.6,-102.1503,0.6,5.7,6.5,0.9,0.2,30,21,TXNet,earthquake,Western Texas,,,,,,,,,,35.32786675036338,2.8279905896388033,2026-03-13 15:27:00
tx2026auxtwa,final,2026-01-12,09:26:41,0.6,,32.4014,0.5,-102.0549,0.6,9.3,10.1,0.9,0.1,19,12,TXNet,earthquake,Western Texas,,,,,,,,,,12.422415546749734,3.1048111651299704,2026-01-12 18:00:18
tx2026auxgap,final,2026-01-12,09:10:39,1.4,,32.1185,0.4,-101.1149,0.5,9.1,9.8,2.4,0.1,14,9,TXNet,earthquake,Western Texas,,,,,,,,,,63.862079688234516,22.723883964452465,2026-01-12 16:36:36
tx2026auwcyi,final,2026-01-12,08:36:44,0.7,,32.1176,0.4,-101.9392,1.0,8.8,9.6,1.1,0.1,13,9,TXNet,earthquake,Western Texas,,,,,,,,,,20.006538419989447,4.522371410058061,2026-01-12 16:27:18
tx2026auwaoa,final,2026-01-12,08:33:55,0.3,,32.2458,0.5,-101.9156,0.9,7.3,8.2,1.2,0.1,18,11,TXNet,earthquake,Western Texas,,,,,,,,,,42.66134325857886,2.308489621458062,2026-01-13 17:40:40
tx2026auuihj,final,2026-01-12,07:42:34,0.7,,32.1011,0.2,-101.9370,0.2,8.7,9.5,0.8,0.1,42,29,TXNet,earthquake,Western Texas,,,,,,,,,,38.51261333281003,6.084194254475859,2026-01-12 14:30:02
tx2026autrwy,final,2026-01-12,07:23:31,1.7,,31.6460,0.7,-104.4353,0.5,5.4,6.7,0.7,0.1,25,20,TXNet,earthquake,Western Texas,,,,,,,,,,35.433933603054804,1.1750307274601042,2026-01-12 14:45:42
tx2026aupqoi,final,2026-01-12,05:21:18,1.8,,31.7604,0.4,-104.2181,0.3,6.1,7.2,0.5,0.2,61,34,TXNet,earthquake,Western Texas,,,,,,,,,,55.88447325203525,3.4857061229214845,2026-01-12 14:10:30
tx2026auihpp,final,2026-01-12,01:39:42,1.3,,32.1149,0.3,-101.4794,0.2,8.8,9.7,0.7,0.1,39,21,TXNet,earthquake,Western Texas,,,,,,,,,,185.0498846210531,6.820305564306521,2026-01-12 15:55:42
tx2026augwva,final,2026-01-12,00:57:00,0.9,,32.4042,0.2,-102.0453,0.2,8.8,9.7,0.8,0.2,52,36,TXNet,earthquake,Western Texas,,,,,,,,,,102.2169316380669,2.6605982710136473,2026-01-12 16:06:01
tx2026auekny,final,2026-01-11,23:43:41,1.8,,31.6452,0.5,-104.4261,0.5,6.1,7.3,0.5,0.2,49,29,TXNet,earthquake,Western Texas,,,,,,,,,,109.396214222686,1.3509176490973969,2026-01-12 14:39:43
tx2026auebun,final,2026-01-11,23:32:21,0.5,,32.4042,0.4,-102.0410,0.3,8.5,9.4,1.0,0.2,31,20,TXNet,earthquake,Western Texas,,,,,,,,,,89.2734768565847,2.4363743438609404,2026-01-12 17:44:15
tx2026audwcy,final,2026-01-11,23:25:41,0.6,,32.4014,0.3,-102.0421,0.4,7.6,8.5,0.7,0.1,25,15,TXNet,earthquake,Western Texas,,,,,,,,,,30.314758520145467,2.2375723082400136,2026-01-12 18:56:55
tx2026audurh,final,2026-01-11,23:24:00,0.2,,32.3117,1.2,-101.8556,0.9,6.0,6.8,0.9,0.1,14,8,TXNet,earthquake,Western Texas,,,,,,,,,,14.55761109890949,2.158399606015585,2026-01-14 20:27:21
tx2026aucvjy,final,2026-01-11,22:54:40,1.7,,31.6727,0.6,-104.4301,0.4,6.9,8.1,0.5,0.1,22,14,TXNet,earthquake,Western Texas,,,,,,,,,,35.4541226664953,0.9363398113151595,2026-01-12 14:50:21
tx2026aucrzi,final,2026-01-11,22:50:41,1.6,,31.6696,0.5,-104.4183,0.4,6.8,8.0,0.5,0.2,35,22,TXNet,earthquake,Western Texas,,,,,,,,,,101.00286610068942,1.396267431858343,2026-01-12 14:52:37
tx2026auavpj,final,2026-01-11,21:54:34,0.2,,32.3849,0.5,-102.1257,0.5,6.2,7.1,0.9,0.1,17,12,TXNet,earthquake,Western Texas,,,,,,,,,,13.841969500891288,2.73517784469637,2026-01-13 17:45:26
tx2026auasdx,final,2026-01-11,21:50:44,0.7,,31.8063,0.4,-101.6477,0.5,3.6,4.4,1.5,0.2,23,16,TXNet,earthquake,Western Texas,,,,,,,,,,110.06626752323113,7.179666749557864,2026-01-13 14:45:40
tx2026atzvdp,final,2026-01-11,21:23:52,1.0,,32.7548,0.4,-100.6594,0.4,6.5,7.2,1.3,0.1,20,12,TXNet,earthquake,Western Texas,,,,,,,,,,112.70923012613076,8.836741760388469,2026-01-13 15:24:54
tx2026atyopg,final,2026-01-11,20:46:05,1.4,,32.7493,0.4,-100.6530,0.4,8.5,9.2,0.9,0.2,29,15,TXNet,earthquake,Western Texas,,,,,,,,,,157.8044835409498,8.754206980190895,2026-01-12 17:55:02
tx2026atynva,final,2026-01-11,20:45:11,1.3,,32.7512,0.4,-100.6573,0.5,7.8,8.5,1.2,0.1,19,12,TXNet,earthquake,Western Texas,,,,,,,,,,112.29498966617737,8.927117372063003,2026-01-12 18:08:50
tx2026atylsy,final,2026-01-11,20:43:45,1.7,,32.1075,0.2,-101.9081,0.2,8.3,9.1,0.5,0.1,54,44,TXNet,earthquake,Western Texas,,,,,,,,,,35.44179663680076,7.485018593489116,2026-01-11 22:49:59
tx2026atykvo,final,2026-01-11,20:41:43,1.6,,32.7493,0.4,-100.6594,0.5,8.3,9.0,1.0,0.2,26,17,TXNet,earthquake,Western Texas,,,,,,,,,,102.68476343442302,9.211171780885518,2026-01-12 16:57:17
tx2026atwxlj,final,2026-01-11,19:56:01,0.9,,31.9473,0.5,-101.4740,0.4,9.5,10.4,3.5,0.1,15,11,TXNet,earthquake,Western Texas,,,,,,,,,,84.29377670530569,23.886391067404805,2026-01-13 16:34:50
tx2026atubqk,final,2026-01-11,18:30:22,0.6,,32.4179,0.7,-101.7527,1.1,8.9,9.7,1.4,0.1,16,9,TXNet,earthquake,Western Texas,,,,,,,,,,25.579236455579824,4.497015985701727,2026-01-13 15:04:30
tx2026atuabc,final,2026-01-11,18:28:30,0.5,,32.4161,0.3,-101.8942,0.3,7.8,8.7,1.1,0.1,19,12,TXNet,earthquake,Western Texas,,,,,,,,,,17.568761950381305,5.716690951866846,2026-01-13 17:37:07
tx2026atrgmg,final,2026-01-11,17:05:27,1.3,,31.6451,0.6,-104.4320,0.4,6.1,7.3,0.6,0.3,32,18,TXNet,earthquake,Western Texas,,,,,,,,,,109.11931834167216,1.2338756735073075,2026-01-13 14:36:48
tx2026atrbop,final,2026-01-11,16:59:46,0.2,,32.3923,0.4,-102.0421,0.7,7.9,8.8,1.5,0.2,18,11,TXNet,earthquake,Western Texas,,,,,,,,,,31.157215156035015,1.5356873551791645,2026-01-13 20:20:40
tx2026atqrpp,final,2026-01-11,16:48:22,1.1,,32.4600,0.5,-101.2854,0.6,7.3,8.0,1.9,0.1,14,10,TXNet,earthquake,Western Texas,,,,,,,,,,26.767095660647055,5.715655835030858,2026-03-13 15:41:27
tx2026atqemg,final,2026-01-11,16:33:06,1.6,,31.6683,0.6,-104.3192,0.2,5.4,6.6,0.7,0.1,15,10,TXNet,earthquake,Western Texas,,,,,,,,,,20.58688192220032,5.158836546948975,2026-01-12 14:56:33
tx2026atpmtz,final,2026-01-11,16:12:27,0.3,,32.1469,0.4,-101.9949,0.4,4.1,5.0,1.8,0.2,24,16,TXNet,earthquake,Western Texas,,,,,,,,,,31.05490297245689,2.0982650927235555,2026-01-13 20:17:40
tx2026atozrq,final,2026-01-11,15:57:14,0.6,,31.8585,0.6,-101.9295,0.4,7.4,8.2,1.3,0.2,18,12,TXNet,earthquake,Western Texas,,,,,,,,,,30.18089823308621,3.636837699154951,2026-01-13 17:18:24
tx2026atknsd,preliminary,2026-01-11,13:42:39,1.4,,32.3117,0.5,-101.0346,0.7,8.6,9.3,3.2,0.1,19,15,TXNet,earthquake,Western Texas,,,,,,,,,,46.18826177245187,21.577296609912725,2026-01-12 16:51:10
tx2026athtak,final,2026-01-11,12:18:27,0.7,,32.3392,0.5,-101.5340,0.3,4.2,5.0,1.2,0.1,24,14,TXNet,earthquake,Western Texas,,,,,,,,,,25.89022817287617,1.2568996476846321,2026-03-13 15:50:28
tx2026ateqra,final,2026-01-11,10:45:01,1.1,,30.8911,0.7,-103.4898,0.5,3.1,4.1,1.1,0.2,19,13,TXNet,earthquake,Western Texas,,,,,,,,,,64.34255152264863,16.086832731727956,2026-01-13 18:47:50
tx2026atdpmx,final,2026-01-11,10:13:33,1.3,,32.8702,0.7,-100.5394,0.5,7.2,7.8,2.5,0.2,21,13,TXNet,earthquake,Western Texas,,,,,,,,,,125.66011325030833,8.63495388279408,2026-01-12 18:13:01
tx2026atcawz,preliminary,2026-01-11,09:26:23,0.9,,29.0733,0.4,-97.8018,0.7,7.2,7.3,0.6,0.1,11,6,TXNet,earthquake,Central Texas,,,,,,,,,,31.320587545677522,2.0361704462597614,2026-01-13 14:49:53
tx2026atazhu,final,2026-01-11,08:54:23,1.4,,32.2202,0.2,-101.9992,0.2,8.3,9.2,0.6,0.1,93,54,TXNet,earthquake,Western Texas,,,,,,,,,,37.56490993542085,4.595213459963902,2026-01-12 13:32:26
tx2026asythl,final,2026-01-11,07:47:00,1.0,,29.0710,0.4,-97.8054,0.5,7.6,7.7,1.0,0.1,13,8,TXNet,earthquake,Central Texas,,,,,,,,,,31.36590232921337,1.7767120813817001,2026-01-13 16:54:17
tx2026asvklb,preliminary,2026-01-11,06:06:14,0.9,,29.0733,0.4,-97.8016,0.4,7.1,7.2,1.1,0.2,12,7,TXNet,earthquake,Central Texas,,,,,,,,,,34.40384420613574,2.0419868853926206,2026-01-13 14:53:04
tx2026astnvk,final,2026-01-11,05:09:52,0.4,,31.8851,0.6,-101.7656,1.2,7.9,8.7,1.8,0.1,13,10,TXNet,earthquake,Western Texas,,,,,,,,,,27.692069886411034,6.998872533737868,2026-01-13 17:32:56
tx2026assdro,final,2026-01-11,04:27:57,1.2,,29.0722,0.4,-97.8021,0.4,7.6,7.7,0.5,0.2,14,9,TXNet,earthquake,Central Texas,,,,,,,,,,56.59812787070704,1.912621111420665,2026-01-13 15:35:06
tx2026asqplo,final,2026-01-11,03:41:18,1.4,,31.8853,0.2,-103.9286,0.2,7.9,8.7,0.8,0.1,25,21,TXNet,earthquake,Western Texas,,,,,,,,,,20.502053821051977,6.986837801695849,2026-01-12 14:14:31
tx2026asmgvw,final,2026-01-11,01:30:34,1.3,,29.0747,0.2,-97.8032,0.3,7.4,7.5,0.4,0.2,24,14,TXNet,earthquake,Central Texas,,,,,,,,,,56.45977253907783,2.1896740153591896,2026-01-13 16:04:55
tx2026aslqno,preliminary,2026-01-11,01:11:37,0.5,,32.4710,0.5,-101.9992,0.9,8.9,9.7,2.2,0.2,19,13,TXNet,earthquake,Western Texas,,,,,,,,,,80.92951320205957,8.484848538098303,2026-01-13 19:51:25
tx2026askylu,final,2026-01-11,00:50:42,0.9,,29.0768,0.4,-97.8077,0.5,7.1,7.1,1.3,0.1,11,6,TXNet,earthquake,Central Texas,,,,,,,,,,24.662909124721157,2.4420311807936255,2026-01-13 19:56:57
tx2026askjyq,final,2026-01-11,00:33:59,0.7,,32.1011,0.2,-101.9456,0.3,9.0,9.8,0.7,0.1,47,27,TXNet,earthquake,Western Texas,,,,,,,,,,79.98896596802037,5.683560258245373,2026-01-12 16:11:29
tx2026askeyp,final,2026-01-11,00:28:01,0.5,,32.9416,0.4,-100.9124,0.5,6.0,6.7,0.9,0.1,11,6,TXNet,earthquake,Western Texas,,,,,,,,,,56.61698115586189,3.3052417533188434,2026-01-13 20:05:47
tx2026asiglu,final,2026-01-10,23:29:44,1.7,,31.6686,0.4,-104.4193,0.4,6.9,8.1,0.6,0.2,50,29,TXNet,earthquake,Western Texas,,,,,,,,,,111.99340668385865,1.4389732717143353,2026-01-12 15:14:19
tx2026ashsda,final,2026-01-10,23:13:16,1.8,,31.6696,0.4,-104.4177,0.4,6.8,8.0,0.5,0.2,44,26,TXNet,earthquake,Western Texas,,,,,,,,,,112.15759900521854,1.4229879288138296,2026-01-12 15:21:46
tx2026ashphz,final,2026-01-10,23:09:31,1.3,,29.0736,0.3,-97.8035,0.5,7.3,7.4,0.3,0.1,12,7,TXNet,earthquake,Central Texas,,,,,,,,,,31.45843662346017,2.0658003501970637,2026-01-14 19:45:04
tx2026ashchz,final,2026-01-10,22:54:25,1.8,,31.6300,0.7,-104.3593,0.4,6.3,7.5,0.9,0.1,33,26,TXNet,earthquake,Western Texas,,,,,,,,,,35.458989247103254,7.489509548378257,2026-01-12 14:37:55
tx2026asfowl,final,2026-01-10,22:08:39,2.5,,31.5443,0.4,-104.1301,0.4,7.7,8.8,0.4,0.1,20,15,TXNet,earthquake,Western Texas,,,,,,,,,,17.122271447116784,3.7939161591186386,2026-01-12 16:22:56
tx2026ascdur,final,2026-01-10,20:25:19,0.3,,32.3465,0.4,-102.0764,0.7,7.9,8.8,1.2,0.2,19,12,TXNet,earthquake,Western Texas,,,,,,,,,,25.478000001668267,4.460867289969163,2026-01-13 19:35:34
tx2026asbfwi,final,2026-01-10,19:57:31,1.3,,32.3685,0.2,-101.9070,0.2,8.2,9.1,0.7,0.1,69,38,TXNet,earthquake,Western Texas,,,,,,,,,,38.198849648026915,5.263457615529811,2026-01-12 13:31:01
tx2026asaemz,final,2026-01-10,19:25:46,1.8,,31.6524,0.6,-104.4370,0.7,6.6,7.8,0.7,0.2,43,24,TXNet,earthquake,Western Texas,,,,,,,,,,109.60941712176404,0.6270433575791209,2026-01-12 15:18:29
tx2026arzicf,final,2026-01-10,18:59:44,1.6,,29.0707,0.4,-97.8078,0.4,7.6,7.7,1.4,0.2,20,11,TXNet,earthquake,Central Texas,,,,,,,,,,43.26568468077133,1.769373257636752,2026-01-12 23:50:41
tx2026arxael,final,2026-01-10,17:50:14,0.8,,32.0975,0.3,-101.9049,0.4,6.9,7.7,1.3,0.2,31,22,TXNet,earthquake,Western Texas,,,,,,,,,,41.04332737904175,8.413585680168339,2026-01-13 18:36:53
tx2026arwgos,final,2026-01-10,17:27:58,1.8,,32.1414,0.4,-101.0774,0.5,8.7,9.4,2.0,0.1,24,17,TXNet,earthquake,Western Texas,,,,,,,,,,53.41246583469527,23.933541374699683,2026-01-12 15:48:21
tx2026arumdv,final,2026-01-10,16:33:37,0.5,,32.4042,0.8,-102.1010,1.0,7.7,8.5,0.8,0.1,16,9,TXNet,earthquake,Western Texas,,,,,,,,,,92.5654144991095,1.0228057049154626,2026-01-12 18:15:07
tx2026arpnss,final,2026-01-10,14:04:34,1.8,,32.2037,0.3,-100.9767,0.4,8.4,9.1,2.8,0.1,32,21,TXNet,earthquake,Western Texas,,,,,,,,,,62.70325898144826,31.307372934348376,2026-01-12 15:29:42
tx2026arnbak,final,2026-01-10,12:49:55,2.3,,31.6567,0.4,-104.2653,0.3,7.6,8.7,0.6,0.2,69,37,TXNet,earthquake,Western Texas,,,,,,,,,,40.801405357957826,1.6585067531119468,2026-01-12 13:51:03
tx2026armqey,final,2026-01-10,12:36:55,1.0,,32.0993,0.2,-101.9392,0.2,9.1,9.9,0.6,0.1,37,24,TXNet,earthquake,Western Texas,,,,,,,,,,32.87005110376646,9.501970020353749,2026-01-12 13:44:42
tx2026armbcf,final,2026-01-10,12:19:24,1.2,,31.2399,0.6,-103.5120,0.2,5.8,6.6,2.3,0.1,25,16,TXNet,earthquake,Western Texas,,,,,,,,,,36.75665639528312,7.67952591538531,2026-01-14 19:37:17
tx2026arlmwh,final,2026-01-10,12:03:05,1.4,,32.1039,0.2,-101.8995,0.2,8.2,9.0,0.7,0.1,67,38,TXNet,earthquake,Western Texas,,,,,,,,,,33.53838844816419,8.376766945525445,2026-01-12 13:24:10
tx2026argezo,final,2026-01-10,09:22:54,1.3,,32.0059,0.6,-101.3540,0.4,9.8,10.6,2.4,0.1,11,7,TXNet,earthquake,Western Texas,,,,,,,,,,29.291471536968363,17.317032558122975,2026-01-12 17:23:12
tx2026arfqsu,final,2026-01-10,09:06:35,0.4,,32.2275,0.4,-101.9992,0.6,6.6,7.4,0.7,0.1,25,16,TXNet,earthquake,Western Texas,,,,,,,,,,48.53009801780282,4.148273268136264,2026-01-12 18:05:08
tx2026arffcu,final,2026-01-10,08:52:52,0.5,,32.3904,0.3,-102.0571,0.5,6.5,7.3,1.3,0.2,33,18,TXNet,earthquake,Western Texas,,,,,,,,,,91.38643045245962,2.7896004258986387,2026-01-13 18:27:39
tx2026areowl,final,2026-01-10,08:33:59,2.8,,35.3055,0.9,-101.6951,1.0,5.6,6.7,1.8,0.2,18,11,TXNet,earthquake,Texas Panhandle Region,,,,,,,,,,178.59636878993084,24.777526277725634,2026-01-12 20:57:29
tx2026arbbbi,final,2026-01-10,06:47:40,1.4,,31.8668,0.3,-101.9092,0.4,6.0,6.8,0.9,0.1,40,24,TXNet,earthquake,Western Texas,,,,,,,,,,43.65309086203942,4.368853936703745,2026-01-12 13:36:03
tx2026aqzodp,final,2026-01-10,06:02:19,1.3,,32.1396,0.4,-101.0731,0.4,6.6,7.3,2.5,0.1,21,12,TXNet,earthquake,Western Texas,,,,,,,,,,144.67729173492538,24.354484495680296,2026-01-13 19:39:42
tx2026aqzfma,final,2026-01-10,05:55:37,1.5,,31.6542,0.5,-104.3083,0.3,6.8,7.9,1.1,0.2,43,28,TXNet,earthquake,Western Texas,,,,,,,,,,35.95184047587319,4.550376575434457,2026-01-12 16:32:43
tx2026aqxryg,final,2026-01-10,05:06:22,2.2,,31.7158,0.4,-104.5652,0.5,5.7,7.1,0.4,0.2,71,48,TXNet,earthquake,Western Texas,,,,,,,,,,110.8998957378368,3.4946779447174343,2026-01-12 15:10:55
tx2026aqwkdq,final,2026-01-10,04:27:13,2.0,,31.6532,0.5,-104.3121,0.3,6.9,8.0,0.8,0.2,33,22,TXNet,earthquake,Western Texas,,,,,,,,,,25.041949229005304,4.917632316693625,2026-01-10 05:18:15
tx2026aqwapf,final,2026-01-10,04:16:06,1.5,,31.6569,0.6,-104.3105,0.3,7.2,8.4,0.9,0.2,41,26,TXNet,earthquake,Western Texas,,,,,,,,,,44.74932053533807,4.620747722443991,2026-01-12 18:32:28
tx2026aqqjxc,final,2026-01-10,01:25:50,1.4,,32.0810,0.2,-102.1986,0.4,7.1,8.0,0.7,0.1,40,23,TXNet,earthquake,Western Texas,,,,,,,,,,28.693360879250214,1.614367283496459,2026-01-12 13:39:09
tx2026aqnmku,final,2026-01-09,23:58:14,1.7,,32.1396,0.5,-101.0796,0.6,8.9,9.5,2.9,0.1,36,26,TXNet,earthquake,Western Texas,,,,,,,,,,61.7365252993173,23.751749097081444,2026-01-12 14:32:26
tx2026aqnjov,final,2026-01-09,23:54:59,1.7,,32.1378,0.4,-101.0839,0.6,7.8,8.5,2.4,0.2,25,19,TXNet,earthquake,Western Texas,,,,,,,,,,90.89406589873123,25.161963118534818,2026-01-10 05:37:54
tx2026aqmgil,final,2026-01-09,23:21:01,0.7,,32.4051,0.6,-102.1407,0.5,6.0,6.9,0.9,0.2,34,21,TXNet,earthquake,Western Texas,,,,,,,,,,67.05873130211106,2.634800809457688,2026-07-07 10:52:57
tx2026aqkqov,final,2026-01-09,22:32:32,1.7,,32.1414,0.3,-101.0731,0.4,8.3,9.0,2.1,0.1,29,17,TXNet,earthquake,Western Texas,,,,,,,,,,144.6003858354176,24.335738764366653,2026-01-12 17:51:20
tx2026aqkecp,final,2026-01-09,22:18:05,2.0,,31.6327,0.4,-104.3647,0.3,5.3,6.5,0.7,0.1,55,41,TXNet,earthquake,Western Texas,,,,,,,,,,48.24781167274449,6.900019438512904,2026-01-10 04:52:02
tx2026aqjwiv,final,2026-01-09,22:09:04,1.6,,31.6190,0.4,-104.2709,0.4,7.9,9.0,0.7,0.2,45,30,TXNet,earthquake,Western Texas,,,,,,,,,,31.962449323426487,5.884694779960404,2026-01-10 04:30:30
tx2026aqjfqw,final,2026-01-09,21:49:43,2.1,,32.1414,0.3,-101.0817,0.5,7.2,7.9,1.9,0.1,35,19,TXNet,earthquake,Western Texas,,,,,,,,,,159.34137107811023,23.53151947238017,2026-01-12 14:30:59
tx2026aqhpnc,final,2026-01-09,21:00:48,1.2,,32.1616,0.3,-101.5062,0.3,7.3,8.0,0.7,0.2,37,22,TXNet,earthquake,Western Texas,,,,,,,,,,142.4427634382877,3.7413990821236456,2026-01-12 16:23:40
tx2026aqffsv,final,2026-01-09,19:49:07,0.8,,31.6965,1.3,-102.0121,1.1,8.5,9.3,2.2,0.1,13,8,TXNet,earthquake,Western Texas,,,,,,,,,,120.36089431094847,7.4270188794450025,2026-01-12 18:16:53
tx2026aqcclh,final,2026-01-09,18:14:44,1.5,,29.0713,0.4,-97.8072,0.7,7.2,7.3,1.0,0.2,17,9,TXNet,earthquake,Central Texas,,,,,,,,,,61.0811023729354,1.821818997646272,2026-01-13 19:10:31
tx2026aqbooy,final,2026-01-09,17:58:40,1.6,,31.7166,0.6,-104.5216,0.8,6.9,8.2,1.1,0.2,33,23,TXNet,earthquake,Western Texas,,,,,,,,,,57.97817868117145,0.6804874599984306,2026-01-09 20:56:25
tx2026aqaheb,final,2026-01-09,17:20:00,1.1,,29.0822,0.5,-97.7978,0.4,7.4,7.5,0.5,0.1,13,8,TXNet,earthquake,Central Texas,,,,,,,,,,43.41687141730574,3.0798229001169433,2026-01-14 19:29:57
tx2026aqahei,final,2026-01-09,17:19:55,2.0,,31.6697,0.5,-104.3930,0.4,6.1,7.3,0.6,0.2,43,31,TXNet,earthquake,Western Texas,,,,,,,,,,44.74018377007889,3.333664258769581,2026-01-10 03:40:35
tx2026apsuch,final,2026-01-09,13:33:31,1.3,,32.3099,0.3,-101.0324,0.5,7.6,8.3,2.5,0.1,30,20,TXNet,earthquake,Western Texas,,,,,,,,,,141.38056338759935,21.818269150803697,2026-01-13 18:43:46
tx2026aproug,final,2026-01-09,12:57:19,1.6,,31.6168,0.3,-104.2876,0.2,8.3,9.5,0.7,0.1,45,28,TXNet,earthquake,Western Texas,,,,,,,,,,113.68334297043245,6.458596326816827,2026-01-09 13:42:05
tx2026apqjtz,final,2026-01-09,12:21:34,1.8,,31.6138,0.6,-104.2892,0.4,7.9,9.0,1.4,0.3,22,14,TXNet,earthquake,Western Texas,,,,,,,,,,21.61382091137557,6.830420974588733,2026-01-09 13:49:03
tx2026apqdsn,final,2026-01-09,12:14:10,1.6,,31.7113,0.5,-104.2813,0.3,7.6,8.8,0.8,0.1,22,20,TXNet,earthquake,Western Texas,,,,,,,,,,21.32283728162324,4.686355347233301,2026-01-09 14:33:35
tx2026apmogx,final,2026-01-09,10:26:33,1.4,,31.5800,0.8,-102.5554,1.0,4.7,5.5,1.6,0.2,19,13,TXNet,earthquake,Western Texas,,,,,,,,,,133.69432371381637,10.343759731432455,2026-01-09 13:57:14
tx2026apjjzw,final,2026-01-09,08:50:16,1.5,,32.1396,0.6,-101.0024,0.5,7.4,8.1,2.8,0.1,21,17,TXNet,earthquake,Western Texas,,,,,,,,,,58.30067522905349,27.637325629838767,2026-01-09 13:42:17
tx2026apinho,final,2026-01-09,08:24:04,2.1,,32.0883,0.2,-101.4783,0.2,8.9,9.7,0.7,0.1,55,32,TXNet,earthquake,Western Texas,,,,,,,,,,39.749399179831364,9.74709636263564,2026-01-09 12:37:20
tx2026aphqmn,final,2026-01-09,07:57:28,0.5,,32.1808,0.7,-101.6552,0.9,6.0,6.8,2.0,0.2,13,8,TXNet,earthquake,Western Texas,,,,,,,,,,23.47844448091634,4.734193941576906,2026-01-09 14:10:17
tx2026apenhn,final,2026-01-09,06:23:13,1.3,,31.9977,0.6,-101.3550,0.9,8.9,9.8,3.3,0.1,20,16,TXNet,earthquake,Western Texas,,,,,,,,,,41.611134371561384,22.56847744623884,2026-01-09 13:37:05
tx2026apeegy,final,2026-01-09,06:12:47,1.4,,32.0078,0.4,-101.3668,0.4,7.5,8.3,3.2,0.2,24,19,TXNet,earthquake,Western Texas,,,,,,,,,,43.58636772226606,17.314129874443633,2026-01-09 19:41:46
tx2026apckhb,final,2026-01-09,05:19:23,1.5,,31.6665,0.5,-104.3946,0.5,6.5,7.7,0.9,0.2,38,23,TXNet,earthquake,Western Texas,,,,,,,,,,112.94067036210039,3.3426305810420858,2026-01-09 13:51:56
tx2026apblyh,final,2026-01-09,04:51:09,2.1,,32.1432,0.5,-101.0646,0.7,6.3,7.0,2.2,0.1,34,21,TXNet,earthquake,Western Texas,,,,,,,,,,58.87043121074223,25.123374617897156,2026-01-09 12:50:04
tx2026apbenq,final,2026-01-09,04:42:31,1.8,,28.6540,1.4,-98.9337,0.8,7.3,7.4,2.6,0.2,13,10,TXNet,earthquake,Southern Texas,,,,,,,,,,63.88926966778672,28.910482971534552,2026-01-09 13:57:26
tx2026aozpxp,final,2026-01-09,03:55:25,0.1,,32.3996,0.5,-102.0635,0.4,5.3,6.2,1.7,0.2,26,20,TXNet,earthquake,Western Texas,,,,,,,,,,21.996038069442232,3.6975197588590833,2026-03-13 16:48:15
tx2026aowbsf,final,2026-01-09,02:08:24,1.4,,32.7475,0.5,-100.6594,0.4,8.5,9.1,1.5,0.2,28,17,TXNet,earthquake,Western Texas,,,,,,,,,,147.1893569852532,9.341523659058042,2026-01-09 14:00:47
tx2026aouqhb,final,2026-01-09,01:24:59,0.8,,32.3282,0.8,-101.5319,0.5,5.9,6.7,0.9,0.1,21,11,TXNet,earthquake,Western Texas,,,,,,,,,,25.79330179410113,0.6404918921640577,2026-01-09 14:07:27
tx2026aoumjr,final,2026-01-09,01:20:28,0.8,,32.3392,0.4,-101.5383,0.3,4.4,5.2,1.3,0.2,21,14,TXNet,earthquake,Western Texas,,,,,,,,,,47.34052374778729,1.5429291179332985,2026-01-09 14:23:29
tx2026aorxlh,final,2026-01-09,00:02:46,1.6,,32.7457,0.5,-100.6508,0.5,8.6,9.2,1.3,0.1,18,14,TXNet,earthquake,Western Texas,,,,,,,,,,81.15357560754995,8.890165474020723,2026-01-09 13:50:36
tx2026aooynv,final,2026-01-08,22:33:32,1.1,,32.2806,0.3,-101.9220,0.2,7.3,8.2,0.6,0.2,51,31,TXNet,earthquake,Western Texas,,,,,,,,,,168.79674856244247,4.796782279700908,2026-01-09 13:36:14
tx2026aohtpv,final,2026-01-08,18:56:41,0.6,,32.3538,0.5,-102.0892,0.6,8.3,9.1,1.3,0.2,23,14,TXNet,earthquake,Western Texas,,,,,,,,,,25.516151883910606,3.0607609752412044,2026-01-09 14:04:37
tx2026aogeiq,preliminary,2026-01-08,18:08:41,2.2,,31.3009,0.4,-103.3517,0.6,10.4,11.2,1.6,0.2,30,25,TXNet,earthquake,Western Texas,,,,,,,,,,23.967150130169284,3.5777887969515674,2026-01-09 13:48:34
tx2026aodfdq,final,2026-01-08,16:38:59,1.0,,32.0068,0.6,-103.7936,0.8,7.7,8.7,0.8,0.1,15,11,TXNet,earthquake,New Mexico,,,,,,,,,,13.02004727219874,1.2120205874258718,2026-01-08 19:35:39
tx2026aobljx,final,2026-01-08,15:46:01,1.6,,31.4624,3.2,-103.5484,2.0,5.4,6.2,2.3,0.1,13,8,TXNet,earthquake,Western Texas,,,,,,,,,,17.271013409932564,2.2180155231065255,2026-01-08 15:57:34
tx2026aoalen,final,2026-01-08,15:15:22,0.7,,32.1075,0.3,-101.9081,0.3,8.7,9.6,1.6,0.1,14,14,TXNet,earthquake,Western Texas,,,,,,,,,,21.212382374811,9.320894710046286,2026-01-09 14:29:05
tx2026anzxok,final,2026-01-08,14:59:57,0.8,,32.3630,0.4,-102.1600,0.7,8.7,9.5,0.8,0.1,22,14,TXNet,earthquake,Western Texas,,,,,,,,,,137.51020385414918,3.4725680820058704,2026-01-08 15:11:59
tx2026anvrjw,final,2026-01-08,12:52:00,1.6,,32.0132,0.4,-101.3668,0.4,2.1,2.9,1.9,0.1,29,20,TXNet,earthquake,Western Texas,,,,,,,,,,45.32556821405166,16.715671150137098,2026-01-09 19:34:10
tx2026anqfwv,final,2026-01-08,10:07:46,1.9,,32.3062,0.3,-101.0410,0.5,8.5,9.2,1.9,0.1,33,22,TXNet,earthquake,Western Texas,,,,,,,,,,80.19632209008873,21.130609659730904,2026-01-08 12:11:08
tx2026anpmej,final,2026-01-08,09:44:52,2.4,,31.4362,0.8,-103.5855,0.4,3.7,4.6,1.9,0.2,19,15,TXNet,earthquake,Western Texas,,,,,,,,,,21.679860356664154,3.6072464336339594,2026-01-08 12:43:48
tx2026anjsxj,final,2026-01-08,06:51:39,2.3,,31.7054,0.3,-104.1774,0.3,7.6,8.6,0.8,0.2,91,46,TXNet,earthquake,Western Texas,,,,,,,,,,127.955048306177,6.31105459152431,2026-01-08 08:54:34
tx2026aniuyd,final,2026-01-08,06:23:51,1.1,,32.3520,0.3,-102.1064,0.3,8.4,9.3,0.6,0.2,57,32,TXNet,earthquake,Western Texas,,,,,,,,,,214.6922574438847,1.6637834149417337,2026-01-08 11:45:33
tx2026anijzt,final,2026-01-08,06:11:08,0.7,,32.2769,0.3,-101.9263,0.2,7.3,8.1,0.8,0.2,46,25,TXNet,earthquake,Western Texas,,,,,,,,,,33.67907281290562,4.756234170492033,2026-01-08 11:53:03
tx2026anigct,final,2026-01-08,06:10:00,1.4,,31.8832,0.2,-101.7377,0.3,8.3,9.1,0.7,0.2,83,45,TXNet,earthquake,Western Texas,,,,,,,,,,160.79079737772798,5.119106361242861,2026-01-08 09:51:39
tx2026anhbko,final,2026-01-08,05:31:12,1.5,,31.6724,0.5,-104.4113,0.5,6.5,7.7,0.8,0.2,47,27,TXNet,earthquake,Western Texas,,,,,,,,,,61.62233006752793,1.640682681546264,2026-01-08 11:21:03
tx2026anfcev,final,2026-01-08,04:31:34,1.7,,32.2366,0.2,-101.3883,0.2,8.6,9.3,0.5,0.2,89,47,TXNet,earthquake,Western Texas,,,,,,,,,,215.3575965083028,2.314452490582278,2026-01-08 09:39:03
tx2026anezxq,final,2026-01-08,04:29:15,1.6,,31.6695,0.7,-104.4883,0.7,5.9,7.2,0.5,0.2,34,22,TXNet,earthquake,Western Texas,,,,,,,,,,52.17845763494405,1.1905424714787518,2026-01-08 11:00:31
tx2026andxmk,final,2026-01-08,03:55:55,1.3,,32.2769,0.2,-101.9220,0.1,7.8,8.6,0.5,0.1,119,65,TXNet,earthquake,Western Texas,,,,,,,,,,204.70028267336474,4.4845522550576575,2026-01-08 10:18:59
tx2026anbnog,final,2026-01-08,02:44:04,1.3,,32.2751,0.2,-101.9242,0.1,8.6,9.5,0.4,0.2,135,72,TXNet,earthquake,Western Texas,,,,,,,,,,204.30678484759517,4.469765858496652,2026-01-08 09:27:49
tx2026anbmhx,final,2026-01-08,02:42:38,1.6,,32.1066,0.5,-101.1182,0.4,5.9,6.6,2.4,0.2,34,21,TXNet,earthquake,Western Texas,,,,,,,,,,66.99145018896219,20.884272059911865,2026-01-08 11:33:32
tx2026amzrls,final,2026-01-08,01:48:17,1.4,,31.9492,0.3,-101.4654,0.3,8.1,9.0,2.3,0.1,28,17,TXNet,earthquake,Western Texas,,,,,,,,,,42.409245459786604,24.271456930900627,2026-01-08 10:42:30
tx2026amwjfw,final,2026-01-08,00:08:13,1.5,,31.5440,0.4,-104.1384,0.4,7.9,8.9,0.6,0.1,35,25,TXNet,earthquake,Western Texas,,,,,,,,,,27.779634875359605,3.9853557329548557,2026-01-08 10:03:15
tx2026amvvmj,final,2026-01-07,23:54:30,2.4,,31.5489,0.4,-104.1371,0.5,7.9,9.0,0.4,0.1,28,18,TXNet,earthquake,Western Texas,,,,,,,,,,23.19916418330574,3.435121388663127,2026-01-08 09:12:16
tx2026amvvhx,final,2026-01-07,23:52:02,1.6,,31.7172,0.4,-104.2804,0.3,6.1,7.3,0.6,0.2,60,38,TXNet,earthquake,Western Texas,,,,,,,,,,36.10454767521397,4.957553240472864,2026-01-08 10:30:41
tx2026amoyup,final,2026-01-07,20:24:53,1.7,,31.6529,0.4,-104.4199,0.3,2.3,3.5,0.5,0.1,25,17,TXNet,earthquake,Western Texas,,,,,,,,,,33.7849824733861,3.1037054621566944,2026-01-07 23:47:40
tx2026amodzx,final,2026-01-07,20:00:48,1.1,,31.1401,0.3,-103.7572,0.3,3.1,4.1,1.7,0.1,10,9,TXNet,earthquake,Western Texas,,,,,,,,,,27.697303564332213,15.801884234187407,2026-01-08 13:47:21
tx2026amnymh,final,2026-01-07,19:56:38,1.6,,31.6779,0.4,-104.4130,0.3,6.2,7.4,0.5,0.2,31,21,TXNet,earthquake,Western Texas,,,,,,,,,,38.00534378575818,1.2545945731055732,2026-01-07 23:14:45
tx2026amljif,final,2026-01-07,18:36:30,1.7,,31.4925,0.3,-103.8866,0.3,5.8,6.8,1.9,0.2,45,26,TXNet,earthquake,Western Texas,,,,,,,,,,36.99940408961821,7.3755368663440475,2026-01-07 18:49:03
tx2026amiano,final,2026-01-07,16:55:34,1.1,,31.9393,0.4,-103.3815,0.5,6.8,7.7,0.9,0.2,26,14,TXNet,earthquake,Western Texas,,,,,,,,,,81.10764369415935,0.10181358743887507,2026-01-08 12:00:47
tx2026amhxis,final,2026-01-07,16:51:57,1.3,,31.8913,0.2,-103.4522,0.3,6.0,7.0,0.7,0.0,15,9,TXNet,earthquake,Western Texas,,,,,,,,,,72.67518308046617,3.3689394608179652,2026-01-07 20:49:58
tx2026amhqxq,final,2026-01-07,16:44:32,0.9,,31.8948,0.3,-103.4539,0.4,5.6,6.6,0.8,0.1,10,8,TXNet,earthquake,Western Texas,,,,,,,,,,80.66237081563027,3.5149997154573156,2026-01-07 20:40:40
tx2026amglhr,final,2026-01-07,16:07:51,0.9,,31.9375,0.3,-103.3848,0.5,5.9,6.8,0.6,0.1,12,7,TXNet,earthquake,Western Texas,,,,,,,,,,22.32833143133386,0.41100365618697454,2026-01-08 16:34:15
tx2026amfush,final,2026-01-07,15:50:59,1.5,,31.9381,0.2,-103.3847,0.3,6.2,7.1,0.4,0.2,35,19,TXNet,earthquake,Western Texas,,,,,,,,,,96.87823829765507,0.35690688034377266,2026-01-08 12:57:27
tx2026amfrxm,final,2026-01-07,15:45:20,2.8,,31.9378,0.3,-103.3847,0.4,6.7,7.6,0.5,0.1,29,19,TXNet,earthquake,Western Texas,,,,,,,,,,31.870709988570688,0.37449359707475777,2026-01-07 16:10:05
tx2026amfian,final,2026-01-07,15:34:00,0.8,,32.2421,2.0,-101.8170,3.0,5.4,6.3,2.1,0.1,9,6,TXNet,earthquake,Western Texas,,,,,,,,,,11.96654206671398,2.8740015319134034,2026-01-08 14:30:28
tx2026amcoaw,final,2026-01-07,14:10:59,2.3,,31.6620,0.5,-104.3875,0.3,6.1,7.3,0.5,0.2,57,33,TXNet,earthquake,Western Texas,,,,,,,,,,53.5066222780461,4.170158184972147,2026-01-07 14:43:22
tx2026alvtye,final,2026-01-07,10:45:58,1.5,,31.6394,0.4,-104.2415,0.3,6.5,7.6,0.8,0.2,73,37,TXNet,earthquake,Western Texas,,,,,,,,,,118.42623759910441,4.218281944516349,2026-01-07 11:51:52
tx2026altabr,final,2026-01-07,09:22:34,1.6,,32.4051,0.2,-102.0421,0.2,8.9,9.7,0.5,0.2,152,78,TXNet,earthquake,Western Texas,,,,,,,,,,186.7674359345128,2.575108615422076,2026-01-07 10:35:00
tx2026alqnxh,final,2026-01-07,08:11:41,1.4,,32.1909,0.2,-101.3990,0.2,8.2,9.0,0.9,0.2,93,48,TXNet,earthquake,Western Texas,,,,,,,,,,171.72137843967528,6.122173066019463,2026-01-07 09:07:22
tx2026alnixc,final,2026-01-07,06:35:11,2.2,,32.2934,0.2,-101.2618,0.2,7.0,7.7,0.6,0.2,109,70,TXNet,earthquake,Western Texas,,,,,,,,,,88.80162885862603,6.644224574303339,2026-01-07 08:40:27
tx2026allzkm,final,2026-01-07,05:51:05,0.4,,32.8903,0.5,-100.8931,0.5,5.8,6.5,0.8,0.1,14,9,TXNet,earthquake,Western Texas,,,,,,,,,,67.37524911076355,2.393176326320036,2026-01-07 10:09:05
tx2026algqoz,final,2026-01-07,03:09:30,0.1,,31.9180,0.5,-101.7634,0.5,7.0,7.7,2.1,0.2,17,10,TXNet,earthquake,Western Texas,,,,,,,,,,60.126244524276416,7.5082046894303565,2026-01-07 15:21:12
tx2026aleoap,final,2026-01-07,02:09:43,0.4,,32.2824,0.4,-101.9242,0.3,6.2,7.1,1.2,0.2,32,20,TXNet,earthquake,Western Texas,,,,,,,,,,30.00478001495019,5.085711668409103,2026-01-07 13:50:35
tx2026akzvyu,final,2026-01-06,23:44:33,0.5,,32.4289,0.5,-101.5276,0.4,7.3,8.1,1.1,0.1,18,11,TXNet,earthquake,Western Texas,,,,,,,,,,70.9087407196984,7.073696186491847,2026-01-07 11:10:05
tx2026akzgja,final,2026-01-06,23:29:46,0.2,,32.2128,0.6,-101.8127,0.5,3.8,4.7,2.1,0.2,27,15,TXNet,earthquake,Western Texas,,,,,,,,,,26.139416141524823,1.0721664030499585,2026-01-07 10:09:55
tx2026akycxa,final,2026-01-06,22:52:15,0.4,,32.2549,1.0,-101.9392,0.7,8.3,9.2,2.0,0.2,23,14,TXNet,earthquake,Western Texas,,,,,,,,,,26.313200312718106,4.627488316825073,2026-03-13 13:20:38
tx2026akxzop,final,2026-01-06,22:48:22,1.8,,31.6648,0.5,-104.3692,0.4,7.0,8.1,1.0,0.2,57,29,TXNet,earthquake,Western Texas,,,,,,,,,,113.99922300704176,5.636849642720969,2026-01-07 09:15:12
tx2026akxwhb,final,2026-01-06,22:44:38,1.1,,31.8298,0.4,-104.1205,0.6,1.6,2.6,1.5,0.2,25,21,TXNet,earthquake,Western Texas,,,,,,,,,,18.997724273595907,8.559111803809227,2026-01-07 12:55:20
tx2026akwann,preliminary,2026-01-06,21:49:10,0.7,,31.9370,0.4,-103.3848,0.7,5.9,6.8,1.0,0.1,11,8,TXNet,earthquake,Western Texas,,,,,,,,,,22.278338202547136,0.4500026518744093,2026-01-07 16:34:40
tx2026akwafv,final,2026-01-06,21:48:47,1.4,,31.3277,0.5,-103.6965,0.5,7.7,8.6,2.3,0.1,22,16,TXNet,earthquake,Western Texas,,,,,,,,,,33.03536546987806,12.423650453384967,2026-01-06 22:51:50
tx2026akvnxk,final,2026-01-06,21:34:43,1.1,,31.9371,0.2,-103.3833,0.4,6.4,7.3,0.4,0.1,25,15,TXNet,earthquake,Western Texas,,,,,,,,,,81.31811398761882,0.3677846920487235,2026-01-07 10:58:23
tx2026akuzef,final,2026-01-06,21:17:24,0.3,,31.9235,0.5,-101.7720,0.8,7.9,8.7,1.4,0.2,20,12,TXNet,earthquake,Western Texas,,,,,,,,,,60.94083113165125,6.608400058038528,2026-01-07 14:28:58
tx2026akqzwv,preliminary,2026-01-06,19:18:08,0.5,,32.2321,1.4,-101.8009,0.9,4.3,5.2,1.7,0.1,9,7,TXNet,earthquake,Western Texas,,,,,,,,,,9.007222347419672,2.6886964687310684,2026-01-06 21:44:14
tx2026akqkht,final,2026-01-06,18:59:26,1.6,,32.8702,0.7,-100.5501,0.8,7.5,8.1,2.4,0.2,24,14,TXNet,earthquake,Western Texas,,,,,,,,,,119.26315703207955,8.203674220152006,2026-01-06 23:32:09
tx2026akpzfp,final,2026-01-06,18:46:36,1.2,,31.9378,0.2,-103.3847,0.3,6.3,7.3,0.4,0.2,27,15,TXNet,earthquake,Western Texas,,,,,,,,,,47.488259071514086,0.37449359707475777,2026-01-07 11:04:22
tx2026akptmr,final,2026-01-06,18:43:38,1.2,,32.3630,0.4,-102.1771,0.5,7.7,8.6,0.6,0.1,28,19,TXNet,earthquake,Western Texas,,,,,,,,,,14.217730390519181,3.600260983092917,2026-01-06 21:19:53
tx2026akncax,final,2026-01-06,17:19:20,1.4,,32.4307,0.3,-102.0850,0.4,8.9,9.8,0.7,0.1,37,27,TXNet,earthquake,Western Texas,,,,,,,,,,20.219986352477306,3.482455073756518,2026-01-06 21:27:53
tx2026akmvgv,final,2026-01-06,17:11:30,2.3,,31.9462,0.3,-103.3772,0.5,8.2,9.1,0.8,0.1,31,22,TXNet,earthquake,Western Texas,,,,,,,,,,36.961354996633574,0.7988537432189489,2026-01-06 21:12:29
tx2026akmiyd,final,2026-01-06,16:57:27,2.0,,31.9453,0.4,-103.3788,0.5,7.5,8.5,0.8,0.2,45,24,TXNet,earthquake,Western Texas,,,,,,,,,,48.38019378625932,0.6337779029661288,2026-01-07 08:57:02
tx2026akkwzh,final,2026-01-06,16:13:07,1.5,,31.9394,0.2,-103.3847,0.3,6.4,7.3,0.4,0.2,27,15,TXNet,earthquake,Western Texas,,,,,,,,,,36.16399719927218,0.27872697500682303,2026-01-07 10:47:03
tx2026akjssu,final,2026-01-06,15:38:13,0.3,,32.3630,0.4,-102.1621,0.7,9.0,9.8,0.7,0.1,18,10,TXNet,earthquake,Western Texas,,,,,,,,,,13.258722855867427,3.445961843752052,2026-01-07 16:32:43
tx2026akjjlv,final,2026-01-06,15:27:16,0.6,,32.4234,0.8,-102.1536,0.9,8.3,9.2,1.7,0.1,13,9,TXNet,earthquake,Western Texas,,,,,,,,,,12.384196592007838,4.350885178985655,2026-01-06 21:41:52
tx2026akiyvs,final,2026-01-06,15:14:58,0.5,,32.3630,0.4,-102.0485,0.4,7.4,8.3,0.9,0.2,31,21,TXNet,earthquake,Western Texas,,,,,,,,,,21.629644885601337,3.1286369720697214,2026-01-07 15:02:55
tx2026akhmxs,final,2026-01-06,14:30:58,1.5,,32.1368,0.3,-101.0721,0.4,7.9,8.5,2.2,0.2,40,27,TXNet,earthquake,Western Texas,,,,,,,,,,68.36678133840283,24.4860907197168,2026-01-06 15:39:18
tx2026akhjvu,final,2026-01-06,14:27:41,1.2,,32.4033,0.3,-102.0914,0.3,8.7,9.5,0.7,0.2,53,33,TXNet,earthquake,Western Texas,,,,,,,,,,31.23593719026123,1.9117485425487533,2026-01-06 17:10:38
tx2026akgdqj,final,2026-01-06,13:50:00,0.7,,31.6507,0.4,-102.0271,0.6,8.4,9.3,1.5,0.2,18,12,TXNet,earthquake,Western Texas,,,,,,,,,,71.79011446331751,5.612109864621735,2026-01-07 20:14:39
tx2026akfoub,final,2026-01-06,13:36:10,1.9,,32.1103,0.7,-101.4826,0.4,8.9,9.7,1.2,0.1,43,33,TXNet,earthquake,Western Texas,,,,,,,,,,34.71663276737944,8.451551645052836,2026-01-06 18:13:02
tx2026akfrfg,final,2026-01-06,13:35:34,2.1,,32.1194,0.3,-101.4783,0.3,8.5,9.3,1.1,0.1,36,26,TXNet,earthquake,Western Texas,,,,,,,,,,34.1551238865966,8.266713785175083,2026-01-06 18:58:03
tx2026akdbgk,final,2026-01-06,12:16:42,1.7,,31.6806,0.7,-104.4792,0.6,6.1,7.4,0.5,0.2,43,24,TXNet,earthquake,Western Texas,,,,,,,,,,61.73736663913987,2.442822544136293,2026-01-06 12:59:32
tx2026akdakk,final,2026-01-06,12:15:59,1.9,,32.1423,0.3,-101.0571,0.4,5.8,6.4,2.4,0.2,54,41,TXNet,earthquake,Western Texas,,,,,,,,,,87.62677974931871,25.835715752667593,2026-01-06 12:52:03
tx2026akcidq,final,2026-01-06,11:54:37,1.4,,31.5595,0.3,-104.1237,0.4,7.9,9.0,0.5,0.1,43,29,TXNet,earthquake,Western Texas,,,,,,,,,,33.30205194693805,2.090221380237106,2026-01-06 13:21:13
tx2026akbzyx,final,2026-01-06,11:45:05,1.5,,32.1378,0.4,-101.0646,0.5,8.0,8.6,1.9,0.2,32,23,TXNet,earthquake,Western Texas,,,,,,,,,,92.3502606643838,25.178000917323047,2026-01-06 13:13:24
tx2026ajyhtl,final,2026-01-06,09:56:07,0.6,,32.2440,1.5,-101.8213,1.9,5.8,6.6,2.1,0.2,10,6,TXNet,earthquake,Western Texas,,,,,,,,,,8.456886252451264,3.0245807662589708,2026-01-07 16:13:18
tx2026ajyfkg,final,2026-01-06,09:50:39,1.5,,32.1414,0.4,-101.0581,0.4,3.0,3.6,2.4,0.2,31,19,TXNet,earthquake,Western Texas,,,,,,,,,,61.007077820211855,25.743391878312785,2026-01-06 13:29:07
tx2026ajyedl,final,2026-01-06,09:49:05,2.1,,32.1432,0.7,-101.0603,1.2,5.4,6.1,2.8,0.1,25,16,TXNet,earthquake,Western Texas,,,,,,,,,,54.29862432022549,25.52584641048636,2026-01-06 12:42:30
tx2026ajycno,final,2026-01-06,09:47:20,0.4,,32.2348,0.6,-101.8041,0.4,1.9,2.7,1.3,0.2,11,8,TXNet,earthquake,Western Texas,,,,,,,,,,10.525130082254744,2.681040285407443,2026-01-07 17:24:15
tx2026ajxfyv,final,2026-01-06,09:21:08,1.2,,31.6349,0.4,-104.2351,0.2,6.1,7.2,0.6,0.2,45,29,TXNet,earthquake,Western Texas,,,,,,,,,,37.99445915319997,4.962507071808495,2026-01-06 14:05:54
tx2026ajwuoc,final,2026-01-06,09:07:53,0.8,,32.3657,0.3,-102.1160,0.4,7.2,8.1,0.6,0.1,41,24,TXNet,earthquake,Western Texas,,,,,,,,,,31.966032261873025,0.7151493130901875,2026-01-06 12:55:46
tx2026ajwjuh,final,2026-01-06,08:55:30,1.0,,32.0993,0.3,-101.4912,0.3,8.9,9.7,1.2,0.1,38,23,TXNet,earthquake,Western Texas,,,,,,,,,,135.39421839990422,8.616687807920052,2026-01-06 13:19:43
tx2026ajvbli,final,2026-01-06,08:15:32,1.3,,31.6484,0.6,-104.4224,0.4,6.1,7.3,0.7,0.2,34,22,TXNet,earthquake,Western Texas,,,,,,,,,,38.65407592742162,1.2608429774704843,2026-01-06 09:07:15
tx2026ajubyo,final,2026-01-06,07:45:59,0.5,,32.3666,0.4,-102.1621,0.5,7.7,8.6,0.8,0.2,29,18,TXNet,earthquake,Western Texas,,,,,,,,,,40.488528236365724,3.0412302137499854,2026-01-07 15:36:11
tx2026ajsrka,final,2026-01-06,07:07:04,1.5,,31.6501,0.7,-104.4402,0.5,5.4,6.7,0.6,0.2,31,22,TXNet,earthquake,Western Texas,,,,,,,,,,36.85680798253144,1.0257873540966376,2026-01-06 08:29:16
tx2026ajqsjm,final,2026-01-06,06:04:24,0.3,,32.2348,0.3,-101.8041,0.3,1.1,2.0,0.8,0.1,13,9,TXNet,earthquake,Western Texas,,,,,,,,,,10.525130082254744,2.681040285407443,2026-01-07 17:11:51
tx2026ajpvyx,final,2026-01-06,05:38:22,0.7,,32.2092,0.8,-101.7934,0.6,3.7,4.5,1.8,0.2,23,16,TXNet,earthquake,Western Texas,,,,,,,,,,18.829684381410598,2.9182784252906835,2026-01-07 15:14:12
tx2026ajpshj,final,2026-01-06,05:34:24,1.2,,31.1577,0.6,-103.5586,0.4,2.5,3.3,1.6,0.2,17,14,TXNet,earthquake,Western Texas,,,,,,,,,,26.288940999154203,6.376710461565884,2026-01-07 19:15:52
tx2026ajlxzt,final,2026-01-06,03:40:08,1.1,,32.3264,0.3,-101.7120,0.2,7.8,8.6,0.8,0.2,90,48,TXNet,earthquake,Western Texas,,,,,,,,,,165.6955094593233,2.428291185645308,2026-01-06 08:19:56
tx2026ajexdj,final,2026-01-06,00:07:49,0.5,,32.1368,0.3,-102.0153,0.9,7.4,8.2,1.0,0.2,18,10,TXNet,earthquake,Western Texas,,,,,,,,,,15.7214332638225,4.165647936227625,2026-01-07 17:44:37
tx2026ajdypr,final,2026-01-05,23:41:40,2.0,,31.6990,0.5,-104.1730,0.3,6.8,7.9,0.7,0.2,38,28,TXNet,earthquake,Western Texas,,,,,,,,,,29.263888631999855,6.822986996842053,2026-01-06 02:05:13
tx2026ajdkvk,final,2026-01-05,23:23:21,0.9,,31.9757,0.3,-102.0410,0.3,7.6,8.4,0.8,0.1,34,23,TXNet,earthquake,Western Texas,,,,,,,,,,38.269521770897576,6.159990905359832,2026-01-06 02:20:12
tx2026aiwvjs,final,2026-01-05,20:04:23,0.6,,32.2696,0.9,-101.7827,0.4,7.1,7.9,0.7,0.1,11,7,TXNet,earthquake,Western Texas,,,,,,,,,,10.514018772736096,1.0067933405310427,2026-01-06 15:33:25
tx2026aitycj,final,2026-01-05,18:37:35,2.1,,31.9370,0.4,-103.3913,0.8,6.3,7.3,0.9,0.1,16,9,TXNet,earthquake,Western Texas,,,,,,,,,,34.23916555328033,0.9578553499572049,2026-01-05 22:05:02
tx2026aitwdo,final,2026-01-05,18:37:17,2.0,,31.9375,0.5,-103.3859,0.7,6.9,7.8,0.8,0.2,23,14,TXNet,earthquake,Western Texas,,,,,,,,,,35.99702229378919,0.4858703527873112,2026-01-05 22:09:56
tx2026aipmbd,final,2026-01-05,16:22:20,1.5,,31.6703,0.7,-104.4398,0.8,8.0,9.3,1.0,0.2,30,20,TXNet,earthquake,Western Texas,,,,,,,,,,89.31588595801608,1.7223733577301048,2026-01-05 18:51:33
tx2026aiorix,final,2026-01-05,15:58:26,1.7,,31.7862,0.4,-102.0099,0.4,8.2,9.0,1.2,0.1,37,25,TXNet,earthquake,Western Texas,,,,,,,,,,40.966342592564914,6.076051431703685,2026-01-05 16:27:29
tx2026aioqdp,final,2026-01-05,15:56:56,0.8,,32.3648,0.3,-102.1150,0.4,7.1,7.9,0.7,0.1,32,17,TXNet,earthquake,Western Texas,,,,,,,,,,37.684147164460505,0.7128554629151612,2026-01-06 02:35:13
tx2026ainomq,final,2026-01-05,15:26:04,0.6,,32.2449,0.7,-101.8374,1.1,6.2,7.0,1.4,0.1,12,8,TXNet,earthquake,Western Texas,,,,,,,,,,13.835460353042471,3.3977994930320157,2026-01-06 14:52:36
tx2026ainakx,final,2026-01-05,15:08:32,0.6,,31.9748,0.7,-102.0378,0.5,8.1,8.9,1.5,0.2,17,15,TXNet,earthquake,Western Texas,,,,,,,,,,34.25265347699726,4.717448006381776,2026-01-07 17:23:06
tx2026aiikix,final,2026-01-05,12:49:17,0.8,,32.3465,0.3,-102.0807,0.4,7.3,8.2,0.8,0.1,25,17,TXNet,earthquake,Western Texas,,,,,,,,,,25.70450689095228,4.0867159722414215,2026-01-06 02:47:35
tx2026aiihwg,final,2026-01-05,12:46:18,0.6,,32.1066,0.3,-101.9156,0.4,6.3,7.1,1.1,0.2,32,21,TXNet,earthquake,Western Texas,,,,,,,,,,145.52564312851632,6.985241203649577,2026-01-07 16:10:09
tx2026aigzlv,final,2026-01-05,12:06:23,1.2,,31.7031,0.3,-104.1790,0.3,6.7,7.8,0.7,0.2,34,21,TXNet,earthquake,Western Texas,,,,,,,,,,28.752809489798736,6.607531102875384,2026-01-05 15:02:21
tx2026aigges,final,2026-01-05,11:44:00,1.5,,32.1405,0.5,-101.0592,0.5,6.1,6.8,2.8,0.2,27,15,TXNet,earthquake,Western Texas,,,,,,,,,,158.2474897997844,25.926821646280416,2026-01-05 17:52:46
tx2026aigate,final,2026-01-05,11:37:58,2.2,,31.7115,0.3,-104.1767,0.2,6.9,8.0,0.5,0.2,56,36,TXNet,earthquake,Western Texas,,,,,,,,,,31.064278178149408,5.673542273991479,2026-01-05 12:32:13
tx2026aiecyg,final,2026-01-05,10:39:53,1.5,,32.0975,0.5,-100.9917,0.6,4.0,4.7,3.3,0.1,13,10,TXNet,earthquake,Western Texas,,,,,,,,,,53.17101063261318,23.998086970568536,2026-01-06 16:49:10
tx2026aicuve,final,2026-01-05,10:00:20,0.9,,32.2256,0.5,-101.7891,0.4,8.7,9.5,1.4,0.1,17,10,TXNet,earthquake,Western Texas,,,,,,,,,,11.557463003945744,8.824177012423489,2026-01-05 18:32:59
tx2026aiclzy,final,2026-01-05,09:50:04,1.0,,32.0993,0.5,-101.4869,0.5,8.6,9.4,1.7,0.1,29,19,TXNet,earthquake,Western Texas,,,,,,,,,,61.388678408602026,8.907745661950308,2026-01-05 15:54:44
tx2026aicgyj,final,2026-01-05,09:44:15,1.1,,31.6085,0.2,-103.9558,0.2,8.0,9.0,0.4,0.1,42,23,TXNet,earthquake,Western Texas,,,,,,,,,,30.128887485836945,1.2644699589492332,2026-01-06 09:24:51
tx2026aicbuj,final,2026-01-05,09:38:16,2.1,,31.6062,0.2,-103.9579,0.2,7.9,8.9,0.3,0.1,50,32,TXNet,earthquake,Western Texas,,,,,,,,,,32.67430029800157,1.1521737394565292,2026-01-05 10:08:43
tx2026aibasc,final,2026-01-05,09:06:47,0.5,,31.9565,0.5,-102.1450,0.3,8.2,9.1,1.1,0.1,22,16,TXNet,earthquake,Western Texas,,,,,,,,,,42.21603996246607,8.310879782229998,2026-01-07 15:30:07
tx2026ahzwkx,final,2026-01-05,08:31:38,1.9,,32.1030,0.2,-101.4890,0.2,8.8,9.6,0.7,0.1,87,51,TXNet,earthquake,Western Texas,,,,,,,,,,67.83139734316468,8.483922753173701,2026-01-05 10:24:36
tx2026ahyaps,final,2026-01-05,07:36:10,1.2,,32.0993,0.3,-101.4869,0.3,8.0,8.8,0.8,0.1,35,24,TXNet,earthquake,Western Texas,,,,,,,,,,135.29118921833188,8.640440238462451,2026-01-05 13:41:23
tx2026ahxpqy,final,2026-01-05,07:23:27,1.3,,31.9847,0.3,-103.2891,0.4,6.4,7.3,0.9,0.2,26,17,TXNet,earthquake,Western Texas,,,,,,,,,,91.40401200674201,6.754342814532024,2026-01-05 18:17:00
tx2026ahtnri,final,2026-01-05,05:20:29,1.6,,31.6584,0.5,-104.4375,0.9,5.6,6.9,0.5,0.2,59,30,TXNet,earthquake,Western Texas,,,,,,,,,,110.1668276804579,0.5776761813105721,2026-01-05 13:48:34
tx2026ahthjm,final,2026-01-05,05:13:08,0.8,,32.2348,1.5,-101.8256,0.5,6.4,7.2,2.2,0.2,13,9,TXNet,earthquake,Western Texas,,,,,,,,,,12.386443765494516,2.0152681363648717,2026-01-07 15:22:33
tx2026ahszdp,final,2026-01-05,05:06:52,2.1,,31.6594,0.6,-104.4561,0.8,6.0,7.3,0.5,0.2,57,33,TXNet,earthquake,Western Texas,,,,,,,,,,56.064381206720775,2.31139270030495,2026-01-05 08:50:44
tx2026ahscyt,final,2026-01-05,04:37:52,1.3,,32.2357,0.2,-101.3893,0.2,7.9,8.6,1.3,0.1,38,23,TXNet,earthquake,Western Texas,,,,,,,,,,169.46923680154717,2.267026976112068,2026-01-05 13:56:36
tx2026ahnwkf,final,2026-01-05,02:29:49,0.3,,32.3996,0.4,-102.0592,0.6,8.7,9.5,1.4,0.2,37,20,TXNet,earthquake,Western Texas,,,,,,,,,,31.409714396123878,3.3380926610511916,2026-01-07 15:11:31
tx2026ahnkvp,final,2026-01-05,02:16:05,1.9,,28.8027,1.0,-98.9977,0.5,8.0,8.2,1.1,0.2,22,12,TXNet,earthquake,Southern Texas,,,,,,,,,,105.11377001633466,14.318770038550525,2026-01-05 17:09:57
tx2026ahisjq,final,2026-01-04,23:54:01,0.6,,32.2101,0.8,-101.7666,1.1,2.2,3.0,1.3,0.2,11,9,TXNet,earthquake,Western Texas,,,,,,,,,,9.694916698834067,5.365291544301292,2026-01-07 16:40:50
tx2026ahirbl,final,2026-01-04,23:52:29,1.3,,31.6567,0.4,-104.2653,0.3,7.9,9.1,1.1,0.2,33,26,TXNet,earthquake,Western Texas,,,,,,,,,,24.188131909990503,1.6585067531119468,2026-01-06 10:57:51
tx2026ahbbvr,final,2026-01-04,20:03:55,1.8,,32.1204,0.4,-101.1085,0.5,8.3,9.0,1.7,0.1,48,28,TXNet,earthquake,Western Texas,,,,,,,,,,80.65789433648652,21.385118718412137,2026-01-05 13:29:50
tx2026agziyj,final,2026-01-04,19:11:44,0.7,,32.2293,1.0,-101.8020,1.1,3.1,3.9,1.7,0.2,11,7,TXNet,earthquake,Western Texas,,,,,,,,,,10.449376796071624,2.424014922125141,2026-01-06 14:21:44
tx2026agykbw,final,2026-01-04,18:42:45,0.8,,32.2147,1.2,-101.7870,1.0,6.0,6.8,1.9,0.2,17,14,TXNet,earthquake,Western Texas,,,,,,,,,,12.449641109506638,3.405383235511416,2026-01-06 15:05:06
tx2026agwayx,final,2026-01-04,17:31:44,2.4,,31.9370,0.6,-103.3821,0.8,6.2,7.1,1.0,0.2,30,22,TXNet,earthquake,Western Texas,,,,,,,,,,53.893770662407434,0.35449831060903053,2026-01-06 10:23:08
tx2026agqnkx,final,2026-01-04,14:45:08,0.5,,32.2073,1.0,-101.7913,0.7,5.9,6.7,2.5,0.2,17,11,TXNet,earthquake,Western Texas,,,,,,,,,,13.082844311682317,6.92443710786776,2026-03-13 14:03:30
tx2026agpsmx,final,2026-01-04,14:20:52,1.1,,31.6060,0.3,-103.9641,0.3,8.1,9.1,0.5,0.1,31,25,TXNet,earthquake,Western Texas,,,,,,,,,,19.093838890922957,0.6950315022777305,2026-01-05 14:20:50
tx2026agprgk,final,2026-01-04,14:19:48,0.9,,32.2055,0.8,-101.8020,0.7,6.2,7.0,2.3,0.2,16,11,TXNet,earthquake,Western Texas,,,,,,,,,,11.19309880567622,2.3493501635466973,2026-01-06 14:12:04
tx2026agozrd,final,2026-01-04,13:59:01,1.3,,31.6877,0.5,-104.3027,0.3,7.2,8.4,0.7,0.2,43,28,TXNet,earthquake,Western Texas,,,,,,,,,,34.47131716429681,4.005428176635041,2026-01-06 10:12:21
tx2026agnnum,final,2026-01-04,13:17:49,0.8,,32.4197,0.3,-101.7484,0.8,8.6,9.4,1.2,0.1,33,19,TXNet,earthquake,Western Texas,,,,,,,,,,75.51411650181568,4.280709035061553,2026-01-06 14:03:48
tx2026agluhr,final,2026-01-04,12:22:18,0.9,,32.1140,0.3,-101.5019,0.5,6.2,7.0,1.3,0.1,27,17,TXNet,earthquake,Western Texas,,,,,,,,,,137.22868551831422,6.767151167591423,2026-01-05 17:27:56
tx2026aglqaa,final,2026-01-04,12:17:20,0.3,,31.9647,0.7,-102.3111,0.6,8.1,9.0,1.2,0.2,16,11,TXNet,earthquake,Western Texas,,,,,,,,,,45.5462265980683,1.6536254836270226,2026-01-07 17:10:52
tx2026agladx,final,2026-01-04,11:59:01,0.5,,32.2495,1.4,-101.7806,0.8,7.8,8.6,2.3,0.2,14,10,TXNet,earthquake,Western Texas,,,,,,,,,,13.299347140119128,2.045825636818567,2026-03-13 14:47:40
tx2026agknhd,final,2026-01-04,11:43:58,0.6,,32.1991,0.9,-101.8095,0.8,7.6,8.4,2.1,0.1,14,12,TXNet,earthquake,Western Texas,,,,,,,,,,21.402866499447633,5.54590772244085,2026-01-06 15:28:59
tx2026agklet,final,2026-01-04,11:41:44,1.7,,31.6534,0.5,-104.3670,0.3,6.1,7.2,0.7,0.2,58,33,TXNet,earthquake,Western Texas,,,,,,,,,,49.90008530908246,6.170780514981516,2026-01-05 13:07:36
tx2026agkfez,final,2026-01-04,11:34:36,1.5,,31.9393,0.6,-103.3891,0.7,6.0,7.0,1.1,0.2,31,17,TXNet,earthquake,Western Texas,,,,,,,,,,32.93610509046307,0.6931002574068288,2026-01-05 15:50:44
tx2026agjrya,final,2026-01-04,11:19:11,1.3,,31.9398,0.3,-103.3869,0.3,6.6,7.6,0.5,0.2,38,27,TXNet,earthquake,Western Texas,,,,,,,,,,36.27155837887014,0.48441353700589435,2026-01-05 15:22:59
tx2026agjkmt,final,2026-01-04,11:10:34,1.6,,31.6631,0.6,-104.3585,0.3,6.1,7.3,0.9,0.2,51,32,TXNet,earthquake,Western Texas,,,,,,,,,,44.63545937623959,6.670825082850872,2026-01-05 12:21:25
tx2026agirfd,final,2026-01-04,10:48:22,0.5,,32.3785,0.4,-102.0024,0.5,8.7,9.6,1.2,0.1,29,19,TXNet,earthquake,Western Texas,,,,,,,,,,18.459434003859243,5.345538548086127,2026-01-05 15:42:46
tx2026agipdu,final,2026-01-04,10:45:48,1.3,,31.6666,0.4,-104.4522,0.6,5.7,7.0,0.4,0.1,32,20,TXNet,earthquake,Western Texas,,,,,,,,,,102.70864281257623,2.2298916579933787,2026-01-06 13:28:29
tx2026agibwf,preliminary,2026-01-04,10:30:23,0.4,,32.4307,0.6,-102.1536,0.6,7.2,8.0,0.8,0.1,22,13,TXNet,earthquake,Western Texas,,,,,,,,,,35.11082109359729,3.276879331363582,2026-01-07 17:17:51
tx2026aghded,final,2026-01-04,10:01:57,0.5,,32.2183,0.8,-101.8020,0.7,7.1,7.9,1.3,0.2,17,15,TXNet,earthquake,Western Texas,,,,,,,,,,11.548711494635052,1.9925511829927935,2026-01-06 12:04:23
tx2026aggywq,final,2026-01-04,09:58:30,1.8,,31.9388,0.3,-103.3857,0.4,6.0,7.0,0.6,0.2,28,16,TXNet,earthquake,Western Texas,,,,,,,,,,27.15939068152756,0.4014863976030437,2026-01-05 14:54:13
tx2026aggzax,final,2026-01-04,09:57:04,0.6,,32.4106,0.6,-102.1407,0.8,7.2,8.1,1.3,0.2,26,16,TXNet,earthquake,Western Texas,,,,,,,,,,137.69123206325057,2.8036914302395646,2026-01-05 15:47:22
tx2026aggokb,final,2026-01-04,09:44:35,0.3,,31.7496,0.8,-101.9156,1.2,3.8,4.6,1.5,0.1,14,9,TXNet,earthquake,Western Texas,,,,,,,,,,30.979002010291918,3.276075017588636,2026-01-07 17:38:41
tx2026aggjwi,final,2026-01-04,09:41:53,3.0,,31.9367,0.3,-103.3828,0.4,5.7,6.7,0.6,0.1,29,22,TXNet,earthquake,Western Texas,,,,,,,,,,35.012805717698434,0.4016278230228745,2026-01-04 10:00:14
tx2026aggkne,final,2026-01-04,09:40:34,1.0,,31.9387,0.2,-103.3833,0.4,6.1,7.0,0.4,0.2,33,20,TXNet,earthquake,Western Texas,,,,,,,,,,48.22843296197488,0.21266181747661708,2026-01-06 13:48:41
tx2026agghaw,final,2026-01-04,09:39:29,1.5,,31.9402,0.4,-103.3821,0.4,6.1,7.1,0.6,0.2,37,25,TXNet,earthquake,Western Texas,,,,,,,,,,39.869818023167475,0.023571103443896586,2026-01-05 16:12:40
tx2026agghod,final,2026-01-04,09:38:31,1.9,,31.9387,0.3,-103.3838,0.4,5.8,6.8,0.5,0.2,46,29,TXNet,earthquake,Western Texas,,,,,,,,,,47.363996740400296,0.2487813651947118,2026-01-05 15:05:13
tx2026aggiom,final,2026-01-04,09:37:51,1.2,,31.9370,0.4,-103.3880,0.5,6.0,7.0,0.9,0.2,32,21,TXNet,earthquake,Western Texas,,,,,,,,,,36.04204404689731,0.6829070752430522,2026-01-05 15:37:29
tx2026aggdwu,final,2026-01-04,09:32:23,0.4,,32.1304,0.8,-102.1364,1.5,5.3,6.2,1.3,0.1,15,12,TXNet,earthquake,Western Texas,,,,,,,,,,18.128576946991295,2.8723196347267503,2026-01-07 15:50:23
tx2026agfeco,final,2026-01-04,09:02:51,1.4,,32.1451,0.3,-101.0496,0.4,4.2,4.9,1.8,0.2,37,27,TXNet,earthquake,Western Texas,,,,,,,,,,60.75471633011415,26.51820711423642,2026-01-05 14:15:13
tx2026agfbjj,final,2026-01-04,08:59:17,1.6,,32.1442,0.4,-101.0549,0.4,4.9,5.6,2.3,0.2,36,25,TXNet,earthquake,Western Texas,,,,,,,,,,61.022612498459715,26.021743482698447,2026-01-05 14:03:22
tx2026agfawl,final,2026-01-04,08:58:49,1.4,,32.1423,0.4,-101.0571,0.4,5.6,6.2,2.1,0.1,17,14,TXNet,earthquake,Western Texas,,,,,,,,,,54.96440117318019,25.835576282362965,2026-01-05 22:21:32
tx2026agdzrk,final,2026-01-04,08:27:10,0.9,,31.9381,0.3,-103.3860,0.4,5.9,6.9,0.6,0.1,21,13,TXNet,earthquake,Western Texas,,,,,,,,,,142.7910097810528,0.45969012838539636,2026-01-07 14:26:07
tx2026agbchv,final,2026-01-04,06:59:47,1.6,,31.4510,0.4,-103.8835,0.3,1.9,2.8,0.9,0.2,52,31,TXNet,earthquake,Western Texas,,,,,,,,,,128.41709797429118,10.89109716199321,2026-01-05 15:26:54
tx2026afzwpd,final,2026-01-04,06:22:52,2.0,,31.4507,0.4,-103.8892,0.4,3.1,4.0,0.9,0.2,59,35,TXNet,earthquake,Western Texas,,,,,,,,,,48.922315681782614,10.611228107949131,2026-01-05 09:40:29
tx2026afzaps,final,2026-01-04,05:57:23,0.8,,32.1286,0.6,-101.5190,0.6,7.1,7.8,1.2,0.1,19,12,TXNet,earthquake,Western Texas,,,,,,,,,,95.53174290986324,4.482723639082418,2026-01-06 14:51:17
tx2026afyqde,final,2026-01-04,05:45:15,1.2,,31.6654,0.5,-104.3574,0.3,6.1,7.3,1.0,0.2,31,20,TXNet,earthquake,Western Texas,,,,,,,,,,32.221138892970124,6.698448480241864,2026-01-06 11:38:58
tx2026afxfjj,final,2026-01-04,05:02:37,0.9,,32.0114,0.2,-101.6970,0.3,8.8,9.6,0.8,0.2,51,31,TXNet,earthquake,Western Texas,,,,,,,,,,47.72524890058708,10.40178290110317,2026-01-05 12:51:25
tx2026afwwlo,final,2026-01-04,04:52:01,0.8,,32.0146,0.5,-103.8023,0.5,8.0,9.0,0.6,0.1,12,9,TXNet,earthquake,New Mexico,,,,,,,,,,6.810447506565667,1.8142632574421373,2026-01-06 18:14:41
tx2026afwmjz,final,2026-01-04,04:40:55,0.7,,31.9492,0.6,-102.2950,0.4,7.9,8.8,0.8,0.2,18,13,TXNet,earthquake,Western Texas,,,,,,,,,,39.054086685619176,1.8585423039143403,2026-01-05 18:27:02
tx2026afsylj,final,2026-01-04,02:53:50,0.9,,32.4069,0.9,-101.5748,1.2,5.6,6.4,1.8,0.1,18,10,TXNet,earthquake,Western Texas,,,,,,,,,,116.81416368397106,2.244723580540974,2026-01-05 18:01:02
tx2026afrqzx,final,2026-01-04,02:15:01,1.7,,31.6694,0.4,-104.3757,0.3,6.8,7.9,0.6,0.2,47,34,TXNet,earthquake,Western Texas,,,,,,,,,,39.98039999297661,4.904386605446496,2026-01-05 13:21:29
tx2026afqdui,final,2026-01-04,01:29:32,1.3,,31.9376,0.2,-103.3903,0.4,5.9,6.9,0.7,0.2,25,14,TXNet,earthquake,Western Texas,,,,,,,,,,33.159174526563966,0.8517097939826065,2026-01-06 08:40:47
tx2026afqcdf,final,2026-01-04,01:27:50,1.4,,32.1414,0.3,-101.0560,0.5,3.8,4.5,2.2,0.1,18,13,TXNet,earthquake,Western Texas,,,,,,,,,,81.5437660312851,26.10095957732067,2026-01-05 17:47:11
tx2026afpaui,final,2026-01-04,00:55:50,1.2,,32.0592,0.4,-103.7288,0.2,8.8,9.7,0.5,0.2,26,21,TXNet,earthquake,New Mexico,,,,,,,,,,108.21402983675311,2.6496110878862242,2026-01-05 17:21:44
tx2026afomsn,final,2026-01-04,00:39:32,0.9,,32.1469,0.4,-101.0517,0.8,8.1,8.7,3.1,0.1,20,14,TXNet,earthquake,Western Texas,,,,,,,,,,49.01840986558638,26.30398306125905,2026-01-06 15:47:57
tx2026afnotr,final,2026-01-04,00:11:44,0.4,,32.3969,0.5,-102.1053,0.5,8.6,9.5,0.8,0.1,29,17,TXNet,earthquake,Western Texas,,,,,,,,,,34.38700962593808,1.339152626446548,2026-01-07 16:35:37
tx2026aflvts,final,2026-01-03,23:19:27,1.5,,32.1085,0.4,-101.0603,0.4,6.0,6.7,2.2,0.1,31,22,TXNet,earthquake,Western Texas,,,,,,,,,,61.222904359263,22.460577831862413,2026-01-05 13:45:27
tx2026aflpmu,final,2026-01-03,23:13:54,1.2,,32.0607,0.4,-103.7240,0.3,8.0,9.0,0.6,0.2,30,19,TXNet,earthquake,New Mexico,,,,,,,,,,32.97481537578103,2.934008551019486,2026-01-06 13:43:39
tx2026aflqgr,final,2026-01-03,23:13:16,1.2,,31.6343,0.4,-104.2511,0.2,6.9,8.0,1.2,0.2,46,27,TXNet,earthquake,Western Texas,,,,,,,,,,40.79091821367064,4.356229325511091,2026-01-05 13:51:59
tx2026afkilu,final,2026-01-03,22:33:49,1.4,,32.0708,0.4,-103.7257,0.3,8.2,9.1,0.8,0.1,19,13,TXNet,earthquake,New Mexico,,,,,,,,,,70.42619343853809,3.9742598383156875,2026-01-05 17:57:08
tx2026afkeqv,final,2026-01-03,22:29:28,1.3,,32.0643,0.3,-103.7257,0.2,8.8,9.8,0.7,0.2,33,24,TXNet,earthquake,New Mexico,,,,,,,,,,70.58831150173148,3.2783188037954343,2026-01-05 15:54:15
tx2026afjvid,final,2026-01-03,22:18:39,1.7,,31.9318,0.6,-101.1578,0.3,4.9,5.7,1.2,0.2,47,30,TXNet,earthquake,Western Texas,,,,,,,,,,67.24874311649458,3.5394085566897004,2026-01-05 11:37:18
tx2026afjnbf,final,2026-01-03,22:09:03,1.6,,32.0663,0.3,-103.7299,0.2,7.7,8.7,0.6,0.1,47,32,TXNet,earthquake,New Mexico,,,,,,,,,,35.7262687162654,3.4136080653449734,2026-01-05 13:31:41
tx2026afjgmz,final,2026-01-03,22:01:26,1.5,,32.0619,0.3,-103.7277,0.3,7.9,8.9,0.5,0.2,42,28,TXNet,earthquake,New Mexico,,,,,,,,,,33.15551467884893,2.971410009021879,2026-01-05 12:34:08
tx2026afiynu,final,2026-01-03,21:52:42,1.6,,32.0634,0.5,-103.7235,0.3,7.1,8.1,0.9,0.1,17,11,TXNet,earthquake,New Mexico,,,,,,,,,,14.809565734691454,3.2403549195423462,2026-01-05 14:19:09
tx2026afhcis,final,2026-01-03,20:56:17,0.7,,31.9180,0.8,-102.2822,0.6,7.8,8.7,1.2,0.1,20,13,TXNet,earthquake,Western Texas,,,,,,,,,,33.737763459129965,2.8819416782917817,2026-03-13 14:31:39
tx2026afhahm,final,2026-01-03,20:53:54,0.5,,32.2293,0.7,-101.8127,0.9,5.2,6.0,1.4,0.2,17,13,TXNet,earthquake,Western Texas,,,,,,,,,,13.131546413810618,1.699761504136208,2026-01-06 13:56:58
tx2026afgssu,final,2026-01-03,20:45:32,2.0,,32.0663,0.3,-103.7253,0.2,7.7,8.7,0.6,0.2,67,38,TXNet,earthquake,New Mexico,,,,,,,,,,60.794733817161905,3.4982708497375015,2026-01-05 09:29:05
tx2026afgkmy,final,2026-01-03,20:35:39,0.8,,32.2037,0.4,-101.7977,0.3,3.4,4.2,1.4,0.2,26,17,TXNet,earthquake,Western Texas,,,,,,,,,,45.07244456920974,2.7994371269003206,2026-01-06 15:37:35
tx2026afgjqu,final,2026-01-03,20:34:36,0.3,,32.2183,2.0,-101.7891,2.0,4.1,4.9,2.5,0.2,9,7,TXNet,earthquake,Western Texas,,,,,,,,,,10.869296886560557,3.199814365077177,2026-03-13 13:39:13
tx2026affhve,final,2026-01-03,20:02:32,1.4,,31.6204,0.5,-104.2591,0.3,7.4,8.5,0.8,0.2,44,29,TXNet,earthquake,Western Texas,,,,,,,,,,37.50815191784609,5.722552902357108,2026-01-05 14:36:20
tx2026affgjw,final,2026-01-03,20:00:39,1.5,,32.0059,0.3,-101.6948,0.4,7.9,8.7,2.0,0.1,20,19,TXNet,earthquake,Western Texas,,,,,,,,,,28.36426718938535,10.392784987267977,2026-01-06 18:23:33
tx2026afenop,final,2026-01-03,19:38:48,1.6,,31.9383,0.2,-103.3836,0.3,5.7,6.7,0.4,0.2,25,13,TXNet,earthquake,Western Texas,,,,,,,,,,142.97498429171696,0.2684967138761351,2026-01-05 16:30:06
tx2026afeecr,final,2026-01-03,19:28:19,1.4,,31.6555,0.3,-104.2619,0.3,6.8,7.9,0.6,0.2,49,30,TXNet,earthquake,Western Texas,,,,,,,,,,32.65749549700766,1.818678806261801,2026-01-06 10:35:22
tx2026afchwh,final,2026-01-03,18:31:46,1.4,,31.9392,0.2,-103.3860,0.3,6.0,7.0,0.4,0.2,31,20,TXNet,earthquake,Western Texas,,,,,,,,,,34.63409009229217,0.40820538609821533,2026-01-06 08:47:53
tx2026afcdnd,final,2026-01-03,18:30:15,2.2,,32.2348,0.1,-101.9070,0.1,8.7,9.6,0.4,0.2,156,79,TXNet,earthquake,Western Texas,,,,,,,,,,209.06222703788026,4.452013437235257,2026-01-05 08:22:10
tx2026afcfpu,final,2026-01-03,18:29:42,1.5,,32.2357,0.2,-101.9081,0.1,8.0,8.8,0.7,0.2,112,57,TXNet,earthquake,Western Texas,,,,,,,,,,163.75502061455163,4.5852671227686566,2026-01-05 11:48:08
tx2026aezwzb,final,2026-01-03,17:18:51,2.1,,31.6805,0.4,-104.4388,0.6,5.7,7.0,0.4,0.2,60,30,TXNet,earthquake,Western Texas,,,,,,,,,,112.27606390426124,1.2252090210581674,2026-01-05 09:17:15
tx2026aeyukg,final,2026-01-03,16:45:42,0.5,,32.3566,1.1,-102.0539,0.6,7.7,8.5,1.5,0.2,23,14,TXNet,earthquake,Western Texas,,,,,,,,,,37.590080064132586,4.003094309846846,2026-01-07 15:56:53
tx2026aeyktp,preliminary,2026-01-03,16:34:31,0.6,,32.1982,0.6,-101.7999,0.5,2.9,3.7,1.3,0.1,16,11,TXNet,earthquake,Western Texas,,,,,,,,,,43.8988830182363,3.011694111820818,2026-01-07 19:47:14
tx2026aewkai,final,2026-01-03,15:33:19,1.7,,32.1451,0.3,-101.0539,0.3,6.0,6.7,2.5,0.1,26,20,TXNet,earthquake,Western Texas,,,,,,,,,,59.21541877609926,26.1154374841376,2026-01-05 13:53:33
tx2026aevnic,final,2026-01-03,15:06:58,0.9,,32.1890,0.3,-101.3561,0.3,6.0,6.8,0.6,0.1,27,17,TXNet,earthquake,Western Texas,,,,,,,,,,167.92192526555885,3.983178646203731,2026-01-05 18:22:23
tx2026aertbk,final,2026-01-03,13:12:56,1.2,,31.0666,0.4,-103.7025,0.4,2.0,3.0,1.5,0.3,22,14,TXNet,earthquake,Western Texas,,,,,,,,,,53.1018439503078,13.946742406601082,2026-01-07 17:48:06
tx2026aepjij,final,2026-01-03,12:01:17,1.2,,32.4225,0.5,-102.2940,0.5,7.6,8.5,1.2,0.2,59,31,TXNet,earthquake,Western Texas,,,,,,,,,,200.08530007003526,10.914950703685868,2026-01-05 15:13:00
tx2026aeosjh,final,2026-01-03,11:41:38,1.6,,28.8111,1.5,-98.8625,1.2,8.2,8.4,2.5,0.2,12,9,TXNet,earthquake,Southern Texas,,,,,,,,,,58.734615043879735,13.895866690262183,2026-01-06 20:00:06
tx2026aenowl,final,2026-01-03,11:07:21,1.6,,28.8146,1.1,-98.8742,0.6,9.2,9.4,1.5,0.3,24,16,TXNet,earthquake,Southern Texas,,,,,,,,,,106.63208756826283,14.949993574327609,2026-01-06 13:45:21
tx2026aemutg,final,2026-01-03,10:44:02,1.3,,32.7823,0.8,-100.6573,0.5,6.8,7.4,2.3,0.2,28,18,TXNet,earthquake,Western Texas,,,,,,,,,,106.08998498938385,7.257860810566498,2026-01-05 16:23:43
tx2026aemozb,final,2026-01-03,10:37:08,0.8,,32.0352,1.0,-102.0399,0.9,8.9,9.7,1.1,0.1,11,7,TXNet,earthquake,Western Texas,,,,,,,,,,87.2112509700602,0.4715034048579919,2026-01-06 15:16:08
tx2026aelxro,final,2026-01-03,10:17:26,1.2,,31.6408,0.3,-104.2324,0.3,6.1,7.2,0.7,0.2,44,28,TXNet,earthquake,Western Texas,,,,,,,,,,30.33865304057044,4.611969328237213,2026-01-06 12:21:36
tx2026aekuew,final,2026-01-03,09:43:02,1.7,,31.7167,0.5,-104.5070,0.6,5.8,7.0,0.6,0.2,51,29,TXNet,earthquake,Western Texas,,,,,,,,,,65.23009417699748,2.034421649329188,2026-01-05 14:43:32
tx2026aekfiq,final,2026-01-03,09:25:52,1.4,,32.1451,0.3,-101.0667,0.4,8.7,9.4,2.1,0.2,51,30,TXNet,earthquake,Western Texas,,,,,,,,,,106.43974935709036,24.90729296144641,2026-01-05 13:40:38
tx2026aehnwe,final,2026-01-03,08:05:10,2.0,,32.8720,0.4,-100.5458,0.5,7.0,7.6,1.5,0.2,27,17,TXNet,earthquake,Western Texas,,,,,,,,,,107.87882137142616,8.552331091632896,2026-01-05 09:51:59
tx2026aehjgz,final,2026-01-03,07:59:51,0.4,,32.3611,0.8,-102.1493,0.6,8.2,9.1,0.9,0.1,9,5,TXNet,earthquake,Western Texas,,,,,,,,,,8.653086190066318,2.6746293754122945,2026-01-07 19:49:03
tx2026aefhnl,final,2026-01-03,06:57:29,1.3,,32.2458,0.2,-101.2832,0.3,7.0,7.6,0.8,0.1,23,15,TXNet,earthquake,Western Texas,,,,,,,,,,159.5578869038538,10.491764626033579,2026-01-05 16:54:36
tx2026adzvnx,final,2026-01-03,04:12:43,1.8,,31.7110,0.3,-104.1797,0.2,6.9,8.0,0.5,0.2,79,40,TXNet,earthquake,Western Texas,,,,,,,,,,128.32191011738237,5.851275994999389,2026-01-05 12:41:54
tx2026adzqny,final,2026-01-03,04:06:57,1.4,,32.2467,0.2,-101.2864,0.2,8.2,8.8,0.7,0.2,68,36,TXNet,earthquake,Western Texas,,,,,,,,,,159.82151764924717,10.459970160501188,2026-01-05 12:58:49
tx2026adycue,final,2026-01-03,03:21:06,0.8,,32.1066,0.3,-102.2136,0.3,6.9,7.8,0.7,0.2,42,24,TXNet,earthquake,Western Texas,,,,,,,,,,66.67970668037997,2.296026261715707,2026-01-05 15:29:19
tx2026adwvxt,final,2026-01-03,02:42:44,0.8,,32.2110,0.7,-101.7956,0.4,7.7,8.5,1.2,0.2,18,12,TXNet,earthquake,Western Texas,,,,,,,,,,12.573355435648008,2.6695571062575905,2026-01-06 14:20:21
tx2026adpenh,final,2026-01-02,22:51:20,1.4,,32.0499,0.2,-102.0464,0.2,6.9,7.7,0.9,0.2,123,65,TXNet,earthquake,Western Texas,,,,,,,,,,166.46921915364985,2.1441987198199692,2026-01-05 10:40:49
tx2026adniqg,final,2026-01-02,21:55:47,1.3,,32.0656,0.4,-103.7239,0.2,8.4,9.4,0.7,0.4,22,16,TXNet,earthquake,New Mexico,,,,,,,,,,188.429090791056,3.4595129318330105,2026-01-06 13:51:53
tx2026adkuvh,final,2026-01-02,20:39:38,1.5,,32.4225,0.3,-102.1525,0.3,8.6,9.5,0.4,0.2,91,48,TXNet,earthquake,Western Texas,,,,,,,,,,104.85246988180515,3.0137159131953153,2026-01-05 11:58:35
tx2026adktma,final,2026-01-02,20:37:43,2.0,,32.0709,0.2,-103.7245,0.2,7.6,8.6,0.5,0.2,65,40,TXNet,earthquake,New Mexico,,,,,,,,,,43.49950399744065,4.012882916492217,2026-01-05 09:06:46
tx2026adkddj,final,2026-01-02,20:18:45,2.0,,32.1414,0.4,-101.0646,0.4,8.9,9.5,1.8,0.1,33,20,TXNet,earthquake,Western Texas,,,,,,,,,,61.424568767991396,25.140042866982622,2026-01-05 16:18:51
tx2026adjxef,final,2026-01-02,20:11:51,2.3,,32.1451,0.3,-101.0539,0.3,5.0,5.7,1.7,0.1,52,37,TXNet,earthquake,Western Texas,,,,,,,,,,70.7205530246208,26.1154374841376,2026-01-05 08:39:14
tx2026adhweu,final,2026-01-02,19:10:22,2.0,,32.1432,0.4,-101.0581,0.5,9.0,9.6,2.5,0.1,19,14,TXNet,earthquake,Western Texas,,,,,,,,,,58.234277086391174,25.727242072829704,2026-01-05 18:05:50
tx2026adhuqg,final,2026-01-02,19:08:46,3.0,,32.1432,0.8,-101.0496,0.9,6.1,6.7,3.8,0.2,23,18,TXNet,earthquake,Western Texas,,,,,,,,,,58.38565517633786,26.461665957329263,2026-01-07 23:10:23
tx2026adhuqq,final,2026-01-02,19:08:34,2.9,,32.1432,0.5,-101.0603,0.5,7.5,8.2,3.1,0.1,38,27,TXNet,earthquake,Western Texas,,,,,,,,,,58.04522355506048,25.52584641048636,2026-01-02 19:20:21
tx2026adftsp,final,2026-01-02,18:08:33,1.1,,32.0666,0.4,-103.7235,0.4,7.8,8.8,0.7,0.1,14,9,TXNet,earthquake,New Mexico,,,,,,,,,,32.34721443656758,3.5807870160453374,2026-01-06 14:40:46
tx2026adcebx,final,2026-01-02,16:18:27,1.8,,28.6614,1.0,-98.9452,0.6,8.3,8.4,1.3,0.3,28,15,TXNet,earthquake,Southern Texas,,,,,,,,,,136.49849436629012,29.159054205538794,2026-01-06 13:33:02
tx2026adbzwk,final,2026-01-02,16:13:38,1.4,,32.0680,0.3,-103.7240,0.3,8.2,9.2,0.7,0.1,22,15,TXNet,earthquake,New Mexico,,,,,,,,,,35.29965556228797,3.7135568611498826,2026-01-05 16:07:35
tx2026adbcvz,final,2026-01-02,15:46:53,1.9,,32.0649,0.2,-103.7247,0.2,7.6,8.6,0.5,0.1,50,33,TXNet,earthquake,New Mexico,,,,,,,,,,34.37173480896121,3.364018404596712,2026-01-02 16:31:04
tx2026acyjmi,final,2026-01-02,14:25:12,1.8,,32.1176,0.2,-101.5040,0.2,8.9,9.7,0.7,0.1,50,36,TXNet,earthquake,Western Texas,,,,,,,,,,37.376922485268125,6.349909800226751,2026-01-02 15:40:02
tx2026acyjoc,preliminary,2026-01-02,14:24:09,1.6,,32.8647,1.0,-100.5479,0.7,7.3,7.9,2.7,0.2,12,6,TXNet,earthquake,Western Texas,,,,,,,,,,91.69688506719646,7.724605101098898,2026-01-06 18:28:36
tx2026acvyly,final,2026-01-02,13:10:58,1.7,,31.5502,0.4,-104.1446,0.5,7.7,8.8,0.8,0.2,53,31,TXNet,earthquake,Western Texas,,,,,,,,,,116.77368807138343,8.759245346226567,2026-01-02 13:39:21
tx2026acvsjm,final,2026-01-02,13:03:52,2.3,,31.7082,0.3,-104.1817,0.4,7.3,8.4,1.0,0.2,52,29,TXNet,earthquake,Western Texas,,,,,,,,,,33.40695346204448,6.223734004028572,2026-01-02 13:34:53
tx2026actvsl,final,2026-01-02,12:07:25,1.1,,31.9437,0.5,-101.4569,0.6,10.4,11.3,3.5,0.1,16,14,TXNet,earthquake,Western Texas,,,,,,,,,,41.609502309913175,25.17865782939013,2026-01-05 18:34:22
tx2026acshhw,final,2026-01-02,11:20:28,1.6,,28.6599,0.9,-98.9392,0.5,8.8,9.0,1.1,0.3,29,17,TXNet,earthquake,Southern Texas,,,,,,,,,,134.60609105494945,28.83846686248979,2026-01-05 16:24:53
tx2026acrwug,final,2026-01-02,11:08:18,1.8,,32.1048,0.2,-101.9113,0.1,8.9,9.7,0.5,0.1,121,68,TXNet,earthquake,Western Texas,,,,,,,,,,49.422088763450795,7.426575379263564,2026-01-02 11:43:39
tx2026acrqoy,final,2026-01-02,11:01:07,1.5,,31.5800,0.3,-104.0301,0.3,8.1,9.1,0.4,0.1,40,22,TXNet,earthquake,Western Texas,,,,,,,,,,126.77893038718813,4.58386512106292,2026-01-02 13:42:09
tx2026acqezr,final,2026-01-02,10:17:30,0.5,,32.1194,0.5,-102.2179,0.9,7.9,8.8,1.1,0.2,32,18,TXNet,earthquake,Western Texas,,,,,,,,,,31.19671104535371,3.8544642251376113,2026-03-13 13:48:34
tx2026acogdi,final,2026-01-02,09:18:27,2.3,,31.7131,0.3,-104.1775,0.2,7.3,8.3,0.6,0.2,59,37,TXNet,earthquake,Western Texas,,,,,,,,,,31.015457433047423,5.551023305768711,2026-01-02 11:41:30
tx2026acnwfq,final,2026-01-02,09:07:10,2.3,,32.1048,0.1,-101.9092,0.1,9.5,10.4,0.5,0.1,108,61,TXNet,earthquake,Western Texas,,,,,,,,,,38.90834212165827,7.587630401544034,2026-01-02 11:17:00
tx2026acnfpq,final,2026-01-02,08:47:42,0.4,,32.3849,1.3,-102.1000,1.2,7.6,8.5,2.3,0.1,14,12,TXNet,earthquake,Western Texas,,,,,,,,,,10.421687910853532,2.75429604146138,2026-03-13 13:15:15
tx2026acljrl,final,2026-01-02,07:52:05,1.4,,31.7844,0.3,-102.0121,0.2,7.6,8.4,1.0,0.1,49,28,TXNet,earthquake,Western Texas,,,,,,,,,,41.083961696358365,6.304550862296464,2026-01-02 12:00:31
tx2026acewlz,final,2026-01-02,04:35:43,1.1,,29.0198,0.4,-97.9114,0.5,8.0,8.1,1.4,0.1,14,7,TXNet,earthquake,Central Texas,,,,,,,,,,24.254758336461343,4.379005782014798,2026-01-02 14:21:39
tx2026accjbc,final,2026-01-02,03:19:53,0.9,,32.2165,0.6,-101.7934,0.4,8.7,9.5,1.3,0.1,18,11,TXNet,earthquake,Western Texas,,,,,,,,,,38.43357268447099,5.406652732291941,2026-01-02 13:56:39
tx2026acacic,final,2026-01-02,02:13:09,2.2,,32.2366,0.1,-101.9092,0.1,8.7,9.6,0.4,0.2,162,82,TXNet,earthquake,Western Texas,,,,,,,,,,172.48746350363706,2.0140263974130557,2026-01-02 11:23:48
tx2026abqppf,final,2026-01-01,21:25:24,0.8,,32.1066,0.5,-101.9049,0.4,6.9,7.7,1.8,0.1,24,20,TXNet,earthquake,Western Texas,,,,,,,,,,25.37562605893364,7.790890673188245,2026-03-13 12:54:08
tx2026abqfpb,final,2026-01-01,21:13:46,0.6,,32.1213,0.5,-101.9263,0.5,7.7,8.6,2.0,0.1,15,14,TXNet,earthquake,Western Texas,,,,,,,,,,15.816854619428236,5.205634403114726,2026-03-13 13:05:43
tx2026abnntd,final,2026-01-01,19:52:42,2.7,,31.6596,0.5,-104.3897,0.4,5.2,6.4,0.7,0.1,38,32,TXNet,earthquake,Western Texas,,,,,,,,,,35.656811221574664,4.033474614179399,2026-01-02 00:38:01
tx2026abgzir,final,2026-01-01,16:34:54,1.3,,32.0680,0.4,-103.7208,0.3,8.4,9.3,0.7,0.1,19,13,TXNet,earthquake,New Mexico,,,,,,,,,,34.60364907688883,3.8078964170299914,2026-01-01 18:50:35